course_id,instructor,instructor_rating
3219,Henry Gates,3.89
3219,Evelyn Higginbotham,3.89
3237,Carla Martin,4.88
3221,Glenda Carpio,
3223,Carla Martin,
3224,Roberto Mangabeira Unger,4.0
3224,John Stauffer,4.0
3225,Daniel Agbiboa,4.71
3226,Daniel Agbiboa,
3227,Timothy Ogene,4.6
3228,Emily Greenwood,5.0
3230,Jesse McCarthy,
3232,Jean Comaroff,5.0
3233,Evelyn Higginbotham,5.0
3234,Jamaica Kincaid,
3239,,5.0
4229,,5.0
4269,,3.6
4430,,4.63
5172,Francis Akutey-Baffoe,4.25
5196,,4.5
5197,Taiwo Ehineni,5.0
5199,Taiwo Ehineni,3.8
5202,,4.63
3319,E. Gabriella Coleman,
3321,,5.0
3323,Damina Khaira,4.06
3290,Jason Ur,4.6
3294,Diana Loren,4.86
3296,David L. Carrasco,4.22
3298,Julia Fierman,4.67
3300,Julia Fierman,4.5
3302,Annikki Herranen-Tabibi,4.22
3304,Arthur Kleinman,4.56
3306,Anna Jabloner,4.73
3307,Joyhanna Garza,4.6
3308,Joseph Gone,4.54
3311,Kristine Richter,4.88
3311,Christina Warinner,4.88
3315,Steven Caton,4.88
3316,Anya Bernstein,4.67
3318,Nicholas Harkness,
3326,Mark Glickman,
3326,Pavlos Protopapas,3.9
3327,Michael Smith,3.97
3330,Daniel Weinstock,4.11
3347,Dina Obeid,3.4
3351,Cengiz Pehlevan,4.21
3332,Jeffrey Paten,4.69
3334,Robert Haussman,2.04
3335,Leslie Valiant,3.27
3336,Sarah Iams,4.12
3338,Zhiming Kuang,3.59
3339,Eli Tziperman,
3341,Sumit Sinha,4.33
3344,Melanie Weber,4.37
3348,L Mahadevan,
3349,Demba Ba,
3365,Doeke Hekstra,3.48
3365,Eric Mazur,3.48
3365,Giulia Semeghini,
3353,Donhee Ham,4.59
3357,Boris Kozinsky,4.2
3361,David Bell,4.46
3241,Abdi Farah,4.6
3269,Matt Saunders,
3273,Patrice Helmar,4.75
3274,Dawn Kim,5.0
3276,Robb Moss,5.0
3277,Ross McElwee,4.43
3280,Ruth Lingford,5.0
3281,Joana Pimenta,4.78
3282,Laura Frahm,3.91
3284,Katarina Burin,3.26
3245,Annette Lemieux,4.73
3246,Matt Saunders,3.88
3247,Abdi Farah,4.8
3248,chukwumaa --,4.14
3252,Patrice Helmar,4.83
3254,Ruth Lingford,
3255,Julie Mallozzi,4.14
3256,Joana Pimenta,
3259,John R. Stilgoe,4.73
3263,John R. Stilgoe,4.38
3264,Dennis Lim,4.5
3267,Stephen Prina,4.5
3268,David Joselit,4.67
3380,David Charbonneau,3.98
3380,Douglas Finkbeiner,3.98
3395,Gerhard Sonnert,4.72
3384,John Johnson,
3393,Irwin Shapiro,3.53
3396,Irwin Shapiro,4.0
3381,Edo Berger,
3386,John Kovac,4.33
3389,Lars Hernquist,3.5
3390,Karin Oberg,3.8
3394,Charles Conroy,4.83
3410,David Mooney,3.47
3411,Jia Liu,4.33
3412,Maurice Smith,3.91
3414,Martha Bulyk,3.11
3414,Peter Sorger,3.11
3414,Shamil Sunyaev,3.11
3415,Mark Andermann,4.0
3415,Haribabu Arthanari,4.0
3415,,5.0
3415,Michael Do,5.0
3415,,4.0
3415,Sahand Hormoz,4.0
3415,Radhika Subramanian,4.0
3417,Rui Wang,4.11
3419,Georg Hahn,4.13
3420,David Wypij,
3421,Rajarshi Mukherjee,4.67
3422,L. Wei,
3424,Jeffrey Miller,4.88
3425,Eric Franzosa,3.71
3425,Kelsey Thompson,3.71
3438,Natasha Sumner,
3440,Catherine McKenna,4.71
3463,Daniel Kahne,3.83
3463,Suzanne Walker,3.83
3578,Monique Selina Jennifer Brewster,4.0
3578,Dominic Mao,5.0
3580,Monique Selina Jennifer Brewster,4.07
3580,Dominic Mao,4.07
3456,Logan McCarty,4.67
3458,Brian Liau,3.77
3458,Sirinya Matchacheep,3.77
3462,Jarad Mason,4.27
3442,Mohamed Abdelazim Mohamed,4.88
3442,Heidi Vollmer-Snarr,4.88
3446,Dilek Dogutan Kiper,5.0
3447,Richard Liu,4.54
3448,Daniel Nocera,4.56
3451,Xiaowei Zhuang,
3453,Mohamed Abdelazim Mohamed,5.0
3461,Sirinya Matchacheep,
3461,Gregory Tucci,4.2
3461,Lu Wang,4.2
4784,James Anderson,
4784,Gregory Tucci,3.57
3495,Margaret Andrews,
3496,Margaret Andrews,
3497,,5.0
3501,Rachel Philbrick,
3498,Emma Dench,4.75
3498,Paul Kosmin,4.75
4227,Ivy Livingston,4.0
4222,Eric Driscoll,4.6
4224,David F. Elmer,5.0
4491,Ivy Livingston,3.63
4491,Ivy Livingston,
4484,,
4485,Rachel Philbrick,4.8
4487,Richard Thomas,4.63
4489,Eric Driscoll,
4631,Ivy Livingston,5.0
4644,Calliopi Dourou,5.0
4645,Calliopi Dourou,5.0
4642,Calliopi Dourou,
3518,Thomas Wisniewski,5.0
3502,John T. Hamilton,4.71
3503,Thomas Wisniewski,4.6
3505,Luke Leafgren,
3509,Annette Lienau,
3511,Gregory Nagy,
3512,Junting Huang,3.8
3513,Luis Giron Negron,4.5
3515,John T. Hamilton,5.0
3516,Karen Thornber,4.33
3519,Henry H. Leitner,3.83
3543,Kitty Ascrizzi,3.93
3543,Rebecca Nesson,3.93
3570,Kitty Ascrizzi,4.34
3570,Michael Smith,4.34
3572,David J. Malan,
3572,Carter Zenke,3.94
3572,David J. Malan,
3572,Carter Zenke,3.94
3572,David J. Malan,
3572,Carter Zenke,3.94
3572,David J. Malan,
3572,Carter Zenke,3.94
3573,Stuart Shieber,3.09
3573,Stuart Shieber,3.6
3577,Milind Tambe,4.67
3523,Mark Glickman,
3523,Pavlos Protopapas,3.9
3526,Adam Hesterberg,3.46
3526,Madhu Sudan,3.46
3528,Yiling Chen,
3529,Vijay Janapa Reddi,3.29
3530,H.T. Kung,2.8
3531,Minlan Yu,
3532,Stephen Chong,4.09
3535,Steven Gortler,3.67
3536,Elena Glassman,
3537,Weiwei Pan,3.57
3540,Harry Lewis,4.28
3541,Karen Brennan,
3544,Fabian Wermelinger,4.13
3546,Michael Mitzenmacher,4.5
3547,Cynthia Dwork,4.67
3549,Boaz Barak,4.0
3550,Salil Vadhan,4.63
3552,Leslie Valiant,
3554,Yannai Gonczarowski,4.82
3555,Ariel Procaccia,
3558,David Brooks,
3562,James Waldo,4.28
3563,Stratos Idreos,4.36
3564,Krzysztof Gajos,4.75
3566,Hima Lakkaraju,4.3
3569,Flavio Calmon,4.32
3569,John Girash,4.32
3569,Martin Wattenberg,4.32
3581,Jerry Mitrovica,4.8
3597,Nadja Drabon,4.25
3597,Javier Ortega-Hernandez,
3582,Eli Tziperman,4.31
3585,Daniel Jacob,4.74
3591,Eli Tziperman,5.0
3592,Robin Wordsworth,4.78
3594,Ann Pearson,5.0
4961,Brendan Meade,4.5
3483,Yuxiao Du,4.78
3483,Yuxiao Du,5.0
3483,Yuxiao Du,4.79
3483,Yuxiao Du,5.0
3483,Yuxiao Du,5.0
3483,Yuxiao Du,4.9
3465,David Sena,
3467,David Sena,5.0
3469,Bin Yang,4.88
3469,Bin Yang,4.57
3469,Bin Yang,4.92
3470,Fangzheng Zhang,4.85
3470,Fangzheng Zhang,4.81
3472,Wei Wang,4.5
3472,Wei Wang,4.5
3472,Wei Wang,4.55
3474,Xiaocheng Chen,
3474,Xiaocheng Chen,5.0
3476,Jennifer Li-Chia Liu,4.89
3480,Dan Wang,4.75
3481,Xiaofei Tian,4.79
3485,Michael Szonyi,3.9
3487,Michael Puett,5.0
3488,Michael Szonyi,4.86
3489,Thomas Kelly,4.87
3491,Thomas Kelly,
3492,Xiaofei Tian,4.8
3607,Melissa McCormick,4.53
3599,James Robson,
3600,Kwok-leong Tang,4.55
3601,Ryuichi Abe,4.78
3604,Daniel Koss,4.65
3606,Si Nae Park,4.6
4468,Yuko Kageyama-Hunt,
4468,Yuko Kageyama-Hunt,5.0
4468,Yuko Kageyama-Hunt,
4461,Chikako Takehara,4.0
4463,Mihoko Yagi,5.0
4463,Mihoko Yagi,4.75
4466,Naomi Asakura,5.0
4479,Hi-Sun Helen Kim,4.73
4479,Hi-Sun Helen Kim,4.85
4473,Ahsil Noh,4.75
4474,Jee Hyun Lee,4.82
4476,Jee Hyun Lee,4.83
5175,Hoa Le,5.0
5174,Hoa Le,5.0
3624,Anne Le Brun,3.68
3626,Thomas H. Baranga,4.04
3626,Jason Furman,4.04
3626,David Laibson,
3626,Anne Le Brun,4.04
3626,David Martin,4.04
3696,Gregory A. Bruich,4.21
3696,Raj Chetty,4.21
3699,Thomas H. Baranga,3.8
3699,,3.8
3699,Felipe Caicedo,4.8
3699,,4.8
3699,,
3699,Ross Mattheis,
3699,Michael Holcomb,4.5
3699,,4.5
3699,,3.83
3699,James Rice,3.83
3699,Ronak Jain,
3699,,5.0
3699,Cirrus Foroughi,5.0
3699,,5.0
3699,,4.67
3699,Molly Moore,4.67
3699,,4.88
3699,Andres Maggi,4.88
3699,John Felter,4.33
3699,,4.33
3699,John Felter,
3699,,4.33
3699,Manuel Hoffmann,3.6
3699,,3.6
3699,Cirrus Foroughi,
3699,,4.88
3700,Claudia Goldin,4.88
3700,Lawrence Katz,
3701,Nathaniel Hendren,
3702,Robert Barro,4.17
3703,Ariel Pakes,5.0
3705,Jeremy Stein,4.67
3707,Grace Finley,4.67
3707,,4.67
3707,,4.3
3707,Shreya Tandon,
3707,Kiran Gajwani,
3707,,3.67
3707,Aakaash Rao,3.67
3707,,5.0
3707,Martin Koenen,5.0
3707,,
3707,Slavik Sheremirov,4.63
3610,Marc Melitz,3.63
3612,Christopher Foote,3.39
3614,Gabriel Chodorow-Reich,4.11
3614,Ludwig Straub,4.11
3617,Matthew Rabin,2.8
3618,Judd Cramer,3.89
3619,Robert Neugeboren,4.0
3622,Michela Carlana,4.8
3628,Gregory A. Bruich,4.04
3631,Matthew Basilico,
3635,Andrei Shleifer,4.88
3637,Robert Barro,4.88
3637,Rachel McCleary,4.88
3640,Anusha Chari,4.62
3642,Elizabeth Mettetal,3.38
3643,Xavier Gabaix,3.62
3643,Matthew Pritsker,3.62
3644,Daniel Bergstresser,4.08
3645,Karen Dynan,4.57
3646,Jeremy Stein,4.41
3647,Denise DiPasquale,4.36
3647,Edward Glaeser,4.36
3648,Richard Freeman,4.33
3650,Jerry Green,3.79
3650,Tomasz Strzalecki,3.79
3652,Xavier Gabaix,4.42
3652,Ludwig Straub,4.42
3654,Christopher Avery,3.5
3654,Samuel Richardson,3.5
3655,David Laibson,
3655,Andrei Shleifer,3.89
3657,Shengwu Li,4.4
3658,Oliver Hart,4.67
3659,Yannai Gonczarowski,4.82
3661,Will Dobbie,
3663,Isaiah Andrews,4.45
3665,Aureo de Paula,4.33
3667,Raul Sanchez de la sierra,4.29
3669,Claudia Goldin,4.76
3669,Lawrence Katz,
3671,Melissa Dell,4.0
3672,Xavier Gabaix,4.2
3675,Nathaniel Hendren,
3676,David Cutler,4.6
3677,Pol Antras,4.75
3677,Marc Melitz,4.75
3679,Myrto Kalouptsidi,3.5
3679,Robin Lee,3.5
3682,Shai Bernstein,4.33
3682,Josh Lerner,4.33
3683,Samuel Hanson,4.86
3683,Adi Sunderam,4.86
3690,,
3690,,
3692,Marcella Alsan,4.0
3692,David Cutler,4.5
3693,John Campbell,4.8
3693,Xavier Gabaix,4.8
3693,Jeremy Stein,4.8
3694,,5.0
3694,,5.0
3694,Lawrence Katz,5.0
3711,Emmerich Davies,
3712,Beth Simpson,4.53
3713,Nadine Gaab,4.67
3765,Pia Sorensen,5.0
3784,Chris Lombardo,3.75
3784,Marko Loncar,3.75
3785,Seymur Hasanov,3.84
3787,Josh Lerner,4.51
3787,Josh Lerner,4.58
3789,Paul Bottino,3.92
3791,Robert Howe,3.19
3791,Kelly A. Miller,3.19
3729,Salma Abu Ayyash,3.56
3729,Benjamin Brown,3.56
3729,Leonardo Gomez,3.56
3729,Melissa Hancock,3.56
3729,Frank Keutsch,3.56
3729,Elaine Kristant,
3729,Chris Lombardo,3.56
3729,Jason Martinez,3.56
3729,,3.56
3729,Mohammad Souri,3.56
3729,Bryan Yoon,3.56
3731,Chris Lombardo,4.58
3733,Scot T. Martin,4.64
3734,Joost Vlassak,3.85
3736,Petros Koumoutsakos,
3738,Katia Bertoldi,
3740,Na Li,4.6
3743,Gu-Yeon Wei,4.09
3745,Flavio Calmon,4.5
3749,Evelyn Hu,
3749,Kiyoul Yang,5.0
3751,Xin Li,4.5
3754,Demba Ba,
3756,Samir Mitragotri,3.88
3759,Linsey Moyer,4.33
3759,Conor Walsh,4.33
3760,David Mooney,3.47
3761,Michael Aziz,
3763,Woodward Yang,4.1
3768,Maurice Smith,3.91
3770,Robert Wood,4.6
3772,Jia Liu,4.33
3777,Evelyn Hu,
3777,Kiyoul Yang,5.0
3779,Alan Maccormack,
3779,Russell J Wilcox,4.63
3781,Jenny Hoffman,4.58
3781,Suzanne Smith,4.58
3782,Fawwaz Habbal,3.5
3782,Kit Parker,3.5
3783,John Girash,4.4
3839,Paul Yoon,5.0
3840,Claire Messud,5.0
3842,Sam Marks,4.89
3843,Jorie Graham,4.78
3843,Jorie Graham,5.0
3845,Joshua Bell,5.0
3847,Nick White,4.78
3853,Claire Messud,4.9
3855,Joshua Bell,4.82
3857,Louisa Thomas,
3858,Louisa Thomas,4.9
3860,Musa Syeed,4.78
3862,Darcy Frey,5.0
3862,Darcy Frey,
3863,Meng Jin,4.78
3865,Paul Yoon,5.0
3868,Margaret Doherty,
3869,Nick White,4.78
3874,Valeria Luiselli,4.17
3875,Jamaica Kincaid,4.5
3812,Nicholas Watson,4.36
3822,Ju Yon Kim,5.0
3823,Derek Miller,
3825,Vidyan Ravinthiran,4.25
3828,James Wood,4.57
3830,Pamela Klassen,
3831,Louis Menand,4.8
3833,Alan Niles,4.75
3834,Peter Sacks,
3836,Beth Blum,4.53
3836,Anna Wilson,4.36
3794,Daniel Donoghue,3.11
3795,Anna Wilson,4.58
3797,Alan Niles,
3798,Stephen Greenblatt,4.47
3800,Gordon Teskey,4.36
3802,Philip Fisher,4.76
3805,Peter Sacks,
3808,Vidyan Ravinthiran,4.56
3809,Maria Dikcis,
3815,Henry Gates,4.78
3816,Stephanie Burt,4.0
3818,Homi Bhabha,4.22
3818,Mariano Siskind,4.22
3819,Elaine Scarry,4.42
3820,Derek Miller,
3821,Nicholas Watson,4.6
3886,Frank Keutsch,4.22
3886,Bryan Yoon,4.22
3877,Eli Tziperman,4.31
3878,John Shaw,4.85
3880,Daniel Jacob,4.74
3881,Kaighin McColl,4.13
3882,Patrick Ulrich,5.0
3891,Peter Huybers,4.85
3892,Noel Holbrook,3.67
3892,Daniel Schrag,3.67
3895,George Baker,4.52
3888,Ken Thomas,
3888,Ken Thomas,4.0
3720,Mayra Rivera,4.86
3721,Americo Mendoza-Mori,4.1
3722,Americo Mendoza-Mori,4.65
3727,Raquel Vega-Duran,4.74
3717,Eleanor Craig,4.43
3899,Michael P Allen,4.5
3899,Sheza Alqera,4.23
3899,Sheza Alqera,4.4
3899,Jacob Betz,4.25
3899,Collier Brown,
3899,Matthew B. Cole,4.0
3899,Matthew B. Cole,
3899,J. Gregory Given,4.2
3899,Alexandra Gold,4.93
3899,Alexandra Gold,
3899,Martin Greenup,3.9
3899,Martin Greenup,3.4
3899,James Herron,
3899,Eliza Holmes,4.45
3899,Eliza Holmes,4.0
3899,Isabel Lane,4.2
3899,Isabel Lane,3.9
3899,Richard Joseph Martin,3.17
3899,Ross Martin,4.8
3899,Ross Martin,5.0
3899,Keating McKeon,4.53
3899,Keating McKeon,4.86
3899,Rachel Meyer,3.58
3899,Shannon Monaghan,3.69
3899,Shannon Monaghan,4.18
3899,David Nee,4.62
3899,David Nee,4.57
3899,Jen Nguyen,
3899,Jen Nguyen,
3899,Kelsey Quigley,
3899,Kelsey Quigley,4.54
3899,Emilie J. Raymer,4.93
3899,Emilie J. Raymer,4.83
3899,Hannah Rosefield,3.92
3899,Erin Danielle Routon,4.46
3899,Erin Danielle Routon,4.58
3899,Adam Scheffler,
3899,Adam Scheffler,
3899,Ian Shank,4.46
3899,Ian Shank,4.53
3899,Gillian M. Sinnott,3.9
3899,Gillian M. Sinnott,4.0
3899,Julia Tejblum,4.5
3899,Hudson Vincent,4.56
3899,Hudson Vincent,4.79
3899,Ryan Napier,4.33
3899,Ryan Napier,4.15
3899,Mande Zecca,4.3
3899,Mande Zecca,3.73
3899,Patricia M. Bellanca,4.0
3899,Margaret Deli,4.5
3899,Margaret Deli,4.2
3899,Amy Hanes,4.67
3899,Amy Hanes,4.29
3899,Jonah Johnson,4.4
3899,Taleen Mardirossian,4.13
3899,Taleen Mardirossian,
3899,John Sampson,4.14
3899,John Sampson,4.33
3899,Kristen Starkowski,4.57
3899,Kristen Starkowski,4.2
3899,Tracy L Strauss,4.4
3899,Tracy L Strauss,3.75
3899,Elliott Turley,
3899,Elliott Turley,4.0
3899,Peter Vilbig,4.13
3899,Peter Vilbig,4.71
3901,Erika Bailey,5.0
3901,Katharine C. Clarke,5.0
3901,Katharine C. Clarke,4.83
3901,Nicholas Coburn-Palo,4.73
3901,Nicholas Coburn-Palo,5.0
3901,Terry Gipson,4.67
3901,Terry Gipson,4.86
3901,Lee Nishri,5.0
3901,Zachary Blackett Stuart,
3901,Zachary Blackett Stuart,5.0
3902,Stephen A. Mitchell,4.14
3904,Felicity Lufkin,4.36
3927,Abraham Loeb,4.43
3928,Scott Edwards,4.14
3933,Daniel Schacter,4.56
3935,Nancy Etcoff,4.6
3937,Laura Prager,5.0
3953,Carol Oja,5.0
3957,Stephanie Sandler,4.2
3958,Elie Ofek,5.0
3962,Oliver Hart,4.8
3975,Robin Hopkins,5.0
3978,Hongkun Park,4.9
3980,Virginie Greene,5.0
3989,David C. Lamberth,4.6
3992,Carrie Lambert-Beatty,3.6
3993,Susanna Rinard,5.0
3996,Gordon Teskey,3.67
4004,Zoe Johnson King,4.1
4007,Sophus Reinert,4.73
4008,Susan Block,
4021,Nicole Simon,4.8
4026,Christopher Robichaud,
4027,Susanna Rinard,4.07
4028,Bridget Alex,3.62
4028,Daniel Lieberman,3.62
4029,Nien-he Hsieh,4.38
4030,David Damrosch,3.91
4031,Daniel Carpenter,4.24
4033,Philip Sadler,4.43
4035,Manja Klemencic,4.77
4038,Jie Li,
4040,Jennifer Hochschild,
4042,Justin Weir,4.26
4043,Sue Goldie,4.52
4044,Steven Hyman,3.81
4045,David Atherton,4.85
4048,Karthik Pandian,4.13
4053,Jinah Kim,4.25
4053,Eugene Wang,4.25
4054,David Haig,
4056,David Stern,
4061,Brendan Meade,4.14
4062,Peter Manuelian,
4067,Rachel Love,3.62
4068,Alyssa Goodman,3.87
4069,Robin Bernstein,4.12
4071,Orlando Patterson,3.21
4073,Mathias Risse,
4074,Malika Zeghal,4.14
4075,Venkatesh Murthy,3.63
4078,John Stauffer,3.83
4079,Ali Asani,
4080,Michael McElroy,3.48
4085,Katie McLaughlin,4.47
4089,Steven Caton,3.17
4090,Jenny Carballo,3.84
4091,Elizabeth Lunbeck,4.32
4093,Annabel Kim,
4100,,4.88
4100,,4.83
4100,,4.92
4107,,
4107,,4.86
4109,,4.2
4098,John T. Hamilton,4.71
4103,Joseph Koerner,4.5
4104,William Stewart,5.0
4108,John T. Hamilton,5.0
4960,Agnes Broome,5.0
5129,Agnes Broome,5.0
4111,Anupam Jena,4.97
4112,Stephanie Kayden,4.63
4112,Michael VanRooyen,4.63
4113,David Cutler,
4113,David Cutler,4.4
4114,Eric Beerbohm,4.18
4191,Stephen Chaudoin,4.18
4193,Naijia Liu,4.05
4194,Frances Hagopian,
4197,Jennifer Halen,
4199,Jill Kelly,4.6
4200,Grzegorz Ekiert,
4202,Gabriel A. Katsh,
4208,John Park,
4209,Mashail Malik,4.5
4210,Nara Dillon,4.88
4214,Justin Pottle,3.67
4216,Arthur Applbaum,5.0
4218,Shanna Weitz,4.08
4219,Sergio Imparato,4.67
4219,Daniel Ziblatt,4.67
4219,Sergio Imparato,4.5
4219,Daniel Ziblatt,4.5
4219,Sergio Imparato,4.6
4219,Daniel Ziblatt,5.0
4219,,3.75
4219,,3.75
4219,Sergio Imparato,3.11
4219,Daniel Ziblatt,3.11
4219,Sergio Imparato,4.57
4219,Daniel Ziblatt,4.57
4219,,4.0
4219,Daniel Ziblatt,4.0
4219,Sergio Imparato,4.0
4219,Daniel Ziblatt,4.0
4219,Daniel Ziblatt,4.89
4219,,3.89
4219,Daniel Ziblatt,3.89
4219,Sergio Imparato,
4219,Daniel Ziblatt,
4219,Sergio Imparato,4.63
4219,Daniel Ziblatt,4.63
4219,Sergio Imparato,4.2
4219,Daniel Ziblatt,4.2
4219,Sergio Imparato,3.57
4219,Daniel Ziblatt,3.57
4219,,3.0
4219,Daniel Ziblatt,3.0
4219,Sergio Imparato,5.0
4219,Daniel Ziblatt,5.0
4219,Daniel Ziblatt,
4219,Sergio Imparato,4.14
4219,Daniel Ziblatt,4.14
4219,Daniel Ziblatt,4.86
4219,Daniel Ziblatt,4.33
4115,Peter Buisseret,3.75
4117,Jill Kelly,4.64
4118,Chase Harrison,3.81
4122,Roberto Mangabeira Unger,4.43
4123,Harvey Mansfield,4.47
4125,Danielle Allen,
4127,Richard Tuck,
4128,Eric Nelson,4.69
4129,Roberto Mangabeira Unger,5.0
4130,Alisha Holland,4.63
4132,Sarah Hummel,4.08
4133,George Soroka,4.24
4134,Arvid Bell,4.6
4135,Grzegorz Ekiert,
4137,Yuhua Wang,4.75
4139,Steven Levitsky,
4141,Sparsha Saha,4.36
4142,Daniel Carpenter,4.8
4144,Leonie Beyrle,4.37
4144,Latanya Sweeney,4.37
4147,Stephen Ansolabehere,4.83
4147,Dustin Tingley,4.83
4150,Michael Hiscox,4.72
4152,Joshua Kertzer,4.91
4153,Michael Hiscox,4.41
4160,Matthew Blackwell,4.56
4163,Peter Buisseret,4.63
4164,Kosuke Imai,
4165,Katrina Forrester,4.0
4169,Richard Tuck,4.9
4170,Torben Iversen,4.56
4170,Yuhua Wang,4.56
4171,Torben Iversen,4.86
4171,Pia Raffler,4.86
4173,Timothy Colton,4.0
4174,Elizabeth Perry,5.0
4176,Stephen Ansolabehere,4.67
4178,Jennifer Hochschild,4.8
4180,Kathleen Powers,5.0
4184,Thom Wall,4.5
4185,Jennifer Hochschild,4.8
4185,Taeku Lee,4.8
4187,Christoph Mikulaschek,5.0
4187,Dustin Tingley,5.0
4188,Torben Iversen,3.0
4188,Pia Raffler,4.33
4189,Mashail Malik,5.0
4190,Matthew Blackwell,5.0
4190,Kosuke Imai,5.0
4422,Meredith Rosenthal,3.17
4423,Alisa Busch,4.33
4423,Haiden Huskamp,
4424,Laura Hatfield,4.5
4424,Anupam Jena,4.5
4314,Aaron Bekemeyer,4.6
4323,David Spreen,4.4
4326,Ida Yalzadeh,4.5
4327,Rebecca Lossin,
4329,Scott Ury,4.29
4356,Lisa McGirr,
4358,Erez Manela,4.75
4359,Maya Jasanoff,4.3
4360,Dan Smail,3.55
4361,Mary Lewis,3.17
4362,Jamie Martin,4.25
4363,Philip Deloria,4.42
4365,Carla Heelan,4.5
4295,Lisa McGirr,4.33
4297,Tiya Miles,4.47
4300,Myisha Eatmon,5.0
4301,Flynn Cratty,4.5
4302,Dimiter G. Angelov,
4304,Sugata Bose,4.42
4306,David Spreen,4.8
4307,Fredrik Logevall,4.6
4308,Aaron Bekemeyer,3.8
4315,Peter Gordon,4.71
4318,Kirsten Weld,4.18
4331,Ian Miller,4.07
4334,Cemal Kafadar,4.6
4335,Emmanuel Akyeampong,4.64
4337,Kirsten Weld,4.4
4339,Terry Martin,4.56
4342,Serhii Plokhii,4.6
4343,Peter Gordon,4.83
4344,Annette Gordon-Reed,4.0
4344,Peter Onuf,4.0
4346,Lisa McGirr,4.4
4347,Jill Lepore,
4347,Kenneth Mack,4.5
4350,Vincent Brown,4.33
4350,Ajantha Subramanian,4.33
4352,Sugata Bose,4.17
4352,Charles Maier,
4355,Dimiter G. Angelov,
4366,Philip Deloria,3.17
4367,Sean Gilsdorf,4.86
4368,Drew Faust,4.92
4371,Rebecca H. Hogue,4.69
4372,Thomas Dichter,4.2
4383,Thomas Conners,4.75
4387,Balraj Gill,4.6
4389,Steven Biel,4.56
4389,Lauren Kaminsky,4.56
4231,Patricio del Real,3.98
4237,Ioli Kalavrezou,
4245,Yukio Lippit,4.73
4256,Jeffrey Hamburger,4.6
4258,Evridiki Georganteli,4.73
4260,Ian Miley,4.29
4261,Ian Miley,4.63
4263,Patricio del Real,4.78
4265,,4.8
4267,Felipe Pereda,
4230,Yukio Lippit,
4230,David Roxburgh,
4235,Christina Maranci,5.0
4236,Jeffrey Hamburger,4.71
4239,Maria Gough,
4240,Carrie Lambert-Beatty,4.0
4241,Patricio del Real,4.91
4243,Vishal Khandelwal,5.0
4247,Suzanne Blier,4.25
4249,Joseph Koerner,5.0
4250,Makeda Best,
4250,Mary Schneider Enriquez,4.73
4253,Thomas Cummins,4.75
4255,Jeffrey Hamburger,4.75
4416,Anne Harrington,3.57
4416,Michelle Labonte,3.57
4416,Anne Harrington,3.85
4416,Michelle Labonte,3.85
4418,Rebecca Lemov,
4420,Erik Baker,4.2
4420,Erik Baker,4.55
4391,Benjamin Wilson,4.79
4392,Benjamin Wilson,
4394,Gabriela Soto Laveaga,3.67
4397,Michelle Labonte,4.81
4399,Joelle Abi-Rached,5.0
4401,Joelle Abi-Rached,4.63
4404,Matthew Hersch,4.67
4407,Erik Baker,4.44
4412,Matthew Hersch,4.6
4413,Alex Csiszar,5.0
4413,Peter Galison,
4288,Cary Allen-Blevins,4.67
4288,Abigail Desmond,4.67
4273,Ali Yawar,4.0
4277,Andrew Yegian,5.0
4278,Jo Matott,
4279,Joyce Benenson,4.38
4282,Erin Hecht,4.64
4286,Jo Matott,4.32
4426,Beth Blum,
4426,Ambrogio Camozzi Pistoja,4.24
4426,Kathleen Coleman,4.24
4426,Stephen Greenblatt,4.24
4426,Jesse McCarthy,4.24
4426,Louis Menand,
4515,Andrew Bottoms,4.69
4517,Andrew Bottoms,5.0
4518,Kathryn Davidson,4.37
4519,Kathryn Davidson,4.6
4521,Yagmur Sag-Parvardeh,5.0
4502,Kathryn Franich,4.8
4503,Kathryn Franich,3.57
4505,Jay Jasanoff,
4510,Jay Jasanoff,4.57
4511,Yagmur Sag-Parvardeh,4.57
4512,Gennaro Chierchia,4.83
4513,Jonathan Bobaljik,4.6
4585,,
4585,Erica Dinkins,
4585,Matthew Cavallo,3.67
4585,,
4585,Shanelle Davis,4.2
4585,,4.38
4585,Robin Gottlieb,4.38
4585,,4.5
4585,Hakim J. Walker,4.5
4585,Matthew Cavallo,3.1
4585,,3.54
4585,Hannah Constantin,3.54
4585,,3.9
4585,Mike Koske,3.9
4585,,4.5
4585,Justin Hancock,4.5
4585,Grant Barkley,3.43
4585,,3.43
4587,Erica Dinkins,
4587,Brendan Kelly,4.57
4548,Michael Nathanson,4.23
4550,Adolfo Amadeus Martin,4.46
4550,Hannah Constantin,3.79
4550,Adolfo Amadeus Martin,3.79
4550,Adolfo Amadeus Martin,
4550,Adolfo Amadeus Martin,
4550,Fanhui Xu,3.86
4550,Adolfo Amadeus Martin,4.17
4550,Fanhui Xu,
4550,Leon Liu,3.54
4550,Adolfo Amadeus Martin,
4545,Rosemarie Bongers,3.0
4555,Roderic Guigo Corominas,3.92
4555,Fan Ye,3.92
4555,Roderic Guigo Corominas,4.19
4555,Roderic Guigo Corominas,4.5
4555,Reshma Menon,4.5
4555,Roderic Guigo Corominas,4.5
4555,Katia Bogdanova,3.5
4555,Roderic Guigo Corominas,
4555,Roderic Guigo Corominas,4.4
4555,Reshma Menon,4.4
4555,Roderic Guigo Corominas,
4555,Michael Kural,
4555,Jonier Amaral Antunes,4.33
4555,Roderic Guigo Corominas,4.33
4555,Roderic Guigo Corominas,4.0
4555,Fabian Gundlach,4.0
4555,Jonier Amaral Antunes,4.39
4555,Roderic Guigo Corominas,
4555,Roderic Guigo Corominas,4.42
4555,Sung Gi Park,4.42
4557,,3.84
4557,Dylan Quintana,3.84
4557,,3.76
4557,Oliver Knill,3.76
4557,,3.5
4557,Dylan Quintana,3.5
4557,Rosemarie Bongers,
4557,,4.0
4557,,3.71
4557,Allechar Serrano Lopez,
4557,,3.15
4557,Noam Elkies,3.33
4557,,3.33
4557,Jiyang Gao,3.75
4557,,3.75
4557,Jill Guerra,3.48
4557,,3.36
4557,Jaewon Chang,3.27
4557,,3.27
4557,Jill Guerra,
4557,Rosemarie Bongers,3.0
4557,,3.0
4557,,3.0
4557,Jiyang Gao,3.0
4557,Jill Guerra,3.0
4557,,3.0
4557,,3.0
4557,,3.0
4561,Dusty Grundmeier,4.73
4570,John W. Cain,4.88
4578,Joseph Harris,4.83
4580,Clifford Taubes,5.0
4582,Clifford Taubes,
4524,Janet Chen,4.42
4525,Niki Myrto Mavraki,
4526,Ana Balibanu,4.73
4531,Curtis McMullen,4.48
4532,Barry Mazur,4.25
4533,Salim Tayou,4.25
4535,Michael Hopkins,4.18
4537,Mihnea Popa,5.0
4540,Cesar Cuenca,
4542,Joseph Harris,4.0
4543,Philip Wood,4.79
4551,Yum-Tong Siu,5.0
4553,Peter Kronheimer,4.7
4559,Elden Elmanto,4.5
4564,Andrew Senger,5.0
4566,Christopher Eur,5.0
4568,Martin Nowak,4.5
4574,Dori Bejleri,4.8
4576,Fabian Gundlach,5.0
3400,Brian Kangas,
3403,Sudha Biddinger,4.11
3403,Lynn Bry,
3403,David Cohen,4.11
3403,,4.11
3403,Marcia Haigis,4.11
3403,Elizabeth Henske,4.11
3403,Bruce Levy,4.11
3403,Joseph Loscalzo,
3403,Thomas Michel,4.11
3403,D. Moody,4.11
3403,Raul Mostoslavsky,4.11
3403,Mark Puder,4.11
3403,Paul Schmidt,
3403,Margaret Stefater-Richards,
3404,Sara Buhrlage,3.92
3404,Philip Cole,3.92
3404,Catherine Dubreuil,3.92
3405,Stephen Blacklow,3.62
3405,Philip Cole,3.62
3405,Eric Fischer,
3405,Andrew Kruse,3.62
3433,Joan Brugge,2.75
3433,Edward Chouchani,2.75
3433,Lucas Farnung,2.75
3433,Daniel Finley,2.75
3433,Steven Gygi,2.75
3433,Marcia Haigis,2.75
3433,John Hanna,2.75
3433,Amy Lee,
3433,Brendan Manning,2.75
3433,Andrea McClatchey,2.75
3433,Danesh Moazed,2.75
3433,David Pellman,
3433,Pere Puigserver,2.75
3433,Tom Rapoport,
3433,Adrian Salic,2.75
3433,Susan Shao,2.75
3433,Radhika Subramanian,2.75
3433,Jennifer Waters,2.75
3434,John Flanagan,4.6
3434,Guillermo Garcia-Cardena,4.6
3434,Vandana Gupta,4.6
3434,Karl Koehler,4.6
3434,Jordan Kreidberg,4.6
3434,Andrew Lassar,5.0
3434,Jessica Lehoczky,4.6
3434,Sean Megason,4.6
3434,Olivier Pourquie,4.6
3435,Andrew Aguirre,4.61
3435,Jon Aster,
3435,Alan D'Andrea,4.61
3435,Stephen Elledge,4.61
3435,Matthew Freedman,4.61
3435,Pasi Janne,4.61
3435,Carla Kim,4.61
3435,Brendan Manning,4.61
3435,Matthew Meyerson,4.61
3435,Jelena Patrnogic,4.61
3435,Huma Rana,4.61
3435,Frank Slack,4.61
3435,Alex Toker,4.61
3435,Eliezer Van Allen,
3435,Matthew Vander Heiden,
3435,Loren Walensky,4.61
3435,Cathy Wu,4.61
3435,Bruce Zetter,4.61
4096,Stephen Buratowski,4.83
4096,Scott Kennedy,4.83
4096,Fred Winston,4.83
4097,David Sweetser,4.71
4270,Scott Lovitch,4.73
4433,Wendy Garrett,3.88
4434,Daniel Lingwood,4.83
4435,Duane Wesemann,4.33
4436,Francisco Quintana,3.4
4437,Isaac Chiu,4.4
4437,Jun Huh,4.4
4438,Christophe Benoist,3.86
4438,Nir Hacohen,3.86
4438,Martin Hemberg,3.86
4636,Richard Born,4.0
4636,,4.75
4636,,4.0
4636,,4.75
4636,,4.75
4636,,4.75
4718,Lisa Goodrich,3.83
4718,Tari Tan,3.83
4718,Rachel Wilson,3.83
4719,Gabriel Kreiman,4.2
4975,Ramon Franco,4.67
4975,David Jung,4.67
5177,Todd Allen,4.67
5177,James Cunningham,
5177,Benjamin Gewurz,4.67
5177,Smita Gopinath,4.67
5177,Sizun Jiang,4.67
5177,Amy Lee,4.67
5177,,4.67
5177,,
5177,Aaron Schmidt,4.67
5177,,4.67
4634,Evridiki Georganteli,4.8
4588,William Milberg,4.83
4589,David Silbersweig,4.82
4594,Lisa Nickerson,4.4
4595,Vladimir Ivkovic,4.25
4595,Gary Strangman,4.25
4596,Michael Ferguson,
4596,Sara Lazar,4.64
4597,Ellsworth Lapham Fersch,4.38
4597,,4.38
4496,Andrew Berry,3.46
4496,Monica Boselli,3.46
4496,Maria Ostapovich,3.46
4496,Pardis Sabeti,3.46
4499,Michael Desai,4.67
4499,Kara McKinley,
4499,,
4499,Emma Nagy,4.67
4499,Cara Weisman,
4499,Benjamin de Bivort,4.67
4494,Alain Viel,4.26
4621,Monique Selina Jennifer Brewster,4.33
4621,Rebecca LaCroix,
4621,Maxim Prigozhin,4.33
4622,Sam Kunes,4.0
4622,Michele Markstein,
4625,Dominic Mao,4.91
4627,Monique Selina Jennifer Brewster,4.24
4627,Dominic Mao,4.24
4598,Alain Viel,4.26
4599,Florian Engert,4.19
4602,Catherine Dulac,4.14
4604,Takao Hensch,4.0
4607,Victoria D'Souza,4.32
4610,Philippe Cluzel,5.0
4611,David Nelson,3.88
4612,Michael Greenberg,4.65
4612,Jeff Lichtman,4.65
4612,Richard Losick,4.65
4613,Vladimir Denic,2.0
4613,,2.0
4614,Craig Hunter,2.33
4614,James Mallet,2.33
4616,Doeke Hekstra,3.67
4616,Daniel Needleman,
4617,,4.67
4617,Mary Richardson,4.67
4653,Daniel Callahan,
4680,Christopher White,
4655,Federico Cortese,4.25
4661,Andrew G. Clark,4.67
4664,Andrew G. Clark,4.89
4668,Andrew G. Clark,4.37
4681,Carolyn Abbate,4.57
4687,Robert Morrison,3.5
4657,Federico Cortese,4.7
4657,Andrew G. Clark,4.67
4657,Yosvany Terry,5.0
4658,Andrew G. Clark,4.83
4659,Federico Cortese,4.75
4662,Yosvany Terry,3.63
4670,Chaya Czernowin,5.0
4671,Hans Tutschku,
4674,Vijay Iyer,5.0
4678,Jessica Bodner,
4678,Daniel Chong,4.86
4678,Ken Hamao,
4678,Kee-Hyun Kim,
4679,Anne Shreffler,4.56
4684,Suzannah Clark,4.83
4685,Cemal Kafadar,5.0
4685,Kay Shelemay,5.0
4685,Kate van Orden,5.0
3286,Julia Rhyder,3.83
3289,Gojko Barjamovic,5.0
3376,Richard Cozzens,4.6
3376,Richard Cozzens,4.33
3376,Dana Malhas,4.43
3376,Dana Malhas,4.67
3376,Dana Malhas,4.83
3378,Gregory Halaby,4.33
3378,Amr Madi,4.75
3367,Amr Madi,5.0
3368,Richard Cozzens,5.0
3371,Nader Uthman,5.0
3373,Muhammad Habib,4.5
4445,Khaled El-Rouayheb,4.56
4471,Josh Lambert,
4638,,4.25
4640,Nader Uthman,5.0
4648,Mohammad Sagha,4.43
4649,Emad Shahin,
4650,Mohammad Sagha,
4652,Emad Shahin,4.43
4688,Gojko Barjamovic,4.2
4746,Mojtaba Ebrahimian,
4747,Mojtaba Ebrahimian,5.0
4711,Mark Cornwall,4.0
4711,Bence Olveczky,4.0
4711,Naomi Pierce,4.0
4714,,
4714,,4.76
4716,,4.82
4716,,4.82
4691,,4.44
4693,,5.0
4695,,5.0
4697,,5.0
4699,,5.0
4701,,4.8
4702,Florian Engert,4.19
4703,Ryan Draft,4.58
4703,Kathleen Quast,4.58
4705,Catherine Dulac,4.14
4707,Gabriel Kreiman,4.2
4709,Takao Hensch,4.0
4710,Laura Magnotti,4.5
4736,Gonzalo Giribet,4.67
4739,Nadja Drabon,4.25
4739,Javier Ortega-Hernandez,
4740,Mark Cornwall,4.0
4740,Bence Olveczky,4.0
4740,Naomi Pierce,4.0
4743,Aaron Hartmann,4.55
4723,David Haig,4.0
4724,George Lauder,4.96
4726,James Hanken,4.55
4727,Yun Zhang,
4728,Michael Desai,4.27
4728,Daniel Hartl,
4730,John Wakeley,
4732,Michael Gilmore,
4734,,4.5
4777,Alison Simmons,4.72
4750,Emilio Mora,4.05
4765,Seth Robertson,4.05
4778,Seth Robertson,4.67
4780,Cheryl Chen,4.0
4780,,4.43
4780,,
4780,Emilio Mora,
4780,,4.71
4781,Cheryl Chen,
4752,Samantha Matherne,4.73
4755,Bernhard Nickel,
4756,Cheryl Chen,
4758,Trystan Goetze,4.09
4763,Regina Schouten,4.88
4764,Lucas Stanczyk,4.71
4766,Remei Capdevila Werning,4.5
4767,Parimal G. Patil,4.45
4768,Sean Kelly,5.0
4768,Samantha Matherne,4.6
4770,Selim Berker,4.6
4770,Susanna Siegel,4.6
4788,Melissa Franklin,2.91
4788,Timothy Milbourne,2.91
4785,Anna Klales,4.03
4785,Kathryn Ledbetter,4.03
4790,Eric N. Melenbrink,4.65
4800,Timothy Milbourne,3.56
4800,David Morin,3.56
4800,Gregorio Ponti,3.56
4802,Carlos Arguelles Delgado,
4802,Gregorio Ponti,3.34
4802,Anna Wang-Holtzen,
4802,Amir Yacoby,3.34
4804,John Huth,3.5
4791,Kathryn Ledbetter,4.0
4791,Masahiro Morii,
4792,Jacob Barandes,4.5
4794,Louis Deslauriers,
4798,Philip Kim,
4806,Markus Greiner,
4807,Girma Hailu,
4810,Jieping Fang,4.62
4810,Jenny Hoffman,4.63
4810,Matteo Mitrano,4.63
4810,Joseph Peidle,4.62
4812,David Nelson,3.88
4814,Vinothan Manoharan,4.75
4815,Daniel Jafferis,
4816,Andrew Strominger,4.4
4817,Cora Dvorkin,
4818,L Mahadevan,
4819,Girma Hailu,4.33
4822,Susanne Yelin,3.29
4824,Xi Yin,4.83
4825,Matthew Reece,
4826,Anurag Anshu,3.45
4826,Mikhail Lukin,3.45
4828,Howard Georgi,4.5
4829,Haim Sompolinsky,4.13
4835,Subir Sachdev,4.27
4838,Jacob Barandes,4.86
4783,Jarvis Chen,3.88
4783,Tyler VanderWeele,3.88
4849,Nicole Noll,3.44
4849,Steven Pinker,3.44
4866,Fiery Cushman,
4872,Jesse Snedeker,
4904,,4.49
4904,Jessica Jones,4.49
4904,,4.49
4905,,4.0
4905,,4.0
4908,,
4908,,4.57
4909,,4.5
4909,,4.5
4911,,4.71
4911,,4.71
4912,,
4912,,4.86
4913,,4.8
4913,,5.0
4915,,4.63
4915,,4.63
4916,,
4916,,4.69
4917,Rebecca Shingleton,4.9
4851,Nicole Noll,
4854,Shifali Singh,4.74
4856,Tatyana Levari,5.0
4857,Jason Mitchell,4.53
4861,Tomer Ullman,4.4
4863,George Alvarez,4.67
4863,Talia Konkle,
4867,Holly Parker,4.6
4868,Timothy Valshtein,4.5
4871,Sara Botto,4.9
4873,Selva Lewin-Bizan,4.5
4875,Sara Botto,5.0
4876,Elizabeth Spelke,4.8
4878,Jessica Jones,4.7
4880,Mayron Pereira Piccolo Ribeiro,4.94
4884,Grace Lin,3.91
4886,Mina Cikara,3.74
4888,Patrick Mair,
4890,Samuel Gershman,3.29
4894,Katie McLaughlin,5.0
4896,Matthew Nock,4.71
4898,Francesca Gino,4.75
4900,Mahzarin Banaji,5.0
4919,Anurag Anshu,3.45
4919,Mikhail Lukin,3.45
4928,David L. Carrasco,4.22
4932,Charles Lockwood,4.78
4933,Courtney Lamberth,4.67
4922,Roberto Mangabeira Unger,4.6
4922,Michael Puett,4.6
4923,Catherine Brekus,4.92
4931,Benjamin Dunning,4.0
3907,,
3910,,4.17
3910,,4.33
3910,,4.27
3910,,4.14
3913,,4.71
3916,,4.71
3916,,
3918,,3.71
3918,,
3918,,3.83
3918,,
3918,,5.0
3920,,3.67
3920,,3.1
3920,Claire Marie Brisson,5.0
3922,,
3922,,4.63
3924,Matthew Rodriguez,4.0
3925,Matthew Rodriguez,5.0
3908,Janet Beizer,
3914,Alice A. Jardine,4.75
4447,,4.4
4447,,4.25
4452,,4.0
4456,,
4459,,5.0
4449,Francesco Erspamer,4.5
4450,Ambrogio Camozzi Pistoja,
4843,,5.0
4844,,5.0
4847,Cristiane Soares,5.0
4934,Virginie Greene,4.4
4934,Maria Parra-Velasco,4.4
4941,Kathy Richman,4.27
4937,Andres Di Tella,4.4
4940,Homi Bhabha,4.22
4940,Mariano Siskind,4.22
5055,,4.83
5055,,
5058,,
5058,,3.88
5058,,3.4
5058,,4.09
5058,,4.0
5058,,2.93
5058,,
5058,,3.78
5058,,
5063,Bailey Buchanan,5.0
5069,,
5069,,3.57
5069,,4.0
5069,,
5069,,4.27
5069,,3.57
5069,,4.27
5069,,4.0
5069,,4.18
5072,,4.43
5072,,4.75
5072,,4.8
5072,,4.57
5072,,4.0
5072,,4.67
5072,,4.7
5074,,5.0
5074,,4.91
5074,,4.67
5074,,4.91
5077,,4.7
5077,,4.75
5077,,
5077,,4.67
5079,,4.9
5080,,4.93
5082,Adriana Gutierrez,4.67
5082,,4.63
5082,,
5082,,4.91
5085,Daniel Aguirre-Oteiza,5.0
5086,Johanna Damgaard Liander,4.53
5056,Daniel Aguirre-Oteiza,4.92
5060,Jorge Sanchez Cruz,4.36
5064,Diana Sorensen,
5066,Aina Obis Monne,
5070,Jorge Sanchez Cruz,4.33
4944,Alexandra Vacroux,5.0
3407,Tatiana Kuzmic,3.0
4840,Iryna Kovalchuk,5.0
4952,,4.8
4952,Jenya Mironava,4.8
4946,Veronika Egorova,4.75
4946,Liya Zalaltdinova,4.75
4948,Dmitrii Pastushenkov,5.0
4950,Liya Zalaltdinova,5.0
4986,Aleksandra Kremer,
4976,Daria Khitrova,4.67
4977,Julie Buckler,
4979,Julie Buckler,4.62
4982,Daria Khitrova,5.0
4983,Stephanie Sandler,4.67
5173,Volodymyr Dibrova,5.0
4988,Bo-Mi Choi,4.52
4988,Charles Clavey,
4988,Katrina Forrester,4.52
4988,Jonathan Hansen,4.52
4988,Sebastian Jackson,4.52
4988,Ana Isabel Keilson,
4988,Gili Kliger,
4988,Glory Liu,4.52
4988,Vatsal Naresh,4.52
4988,Lowry Pressly,4.52
4988,Tracey Rosen,4.52
4988,Brandon Terry,4.52
4988,Rosemarie Wagner,
4988,William Whitham,4.52
4988,Rob Willison,4.52
4989,Arthur Applbaum,4.0
4990,Charles Clavey,
4991,Terry Aladjem,
4992,Kiku Adatto,5.0
4993,Nicolas Prevelakis,4.63
4997,Bo-Mi Choi,4.75
4998,Jamie Martin,4.83
4999,Steven Levitsky,4.33
5046,Jeffrey Swindle,
5047,,4.83
5049,Shai M. Dromi,
5051,Rachel Meyer,4.88
5005,Danilo Mandic,4.27
5006,Christina Cross,4.08
5007,Jason Beckfield,4.61
5009,Thomas Wooten,4.87
5011,Monique Ouimette,
5013,Gregory Narr,3.0
5015,Emily Fairchild,
5016,Manja Klemencic,
5017,Shai M. Dromi,3.74
5017,Rebekah Emanuel,3.74
5019,Ya-Wen Lei,4.78
5020,Leah Muse-Orlinoff,4.04
5021,Isabel Jijon,4.6
5022,Alexandra Killewald,4.13
5029,Jeffrey Swindle,4.83
5031,Emily Handsman,4.69
5032,Emily Handsman,
5033,Caitlin Daniel,4.33
5036,Frank Dobbin,4.0
5037,David Pedulla,4.0
5039,Michele Lamont,4.73
5040,Christina Cross,4.38
4292,Richard Delacy,4.88
4292,Hajnalka Kovacs,4.4
4294,Richard Delacy,4.56
4954,Nell Hawley,4.75
4957,Parimal G. Patil,4.86
5125,Kevin A. Rader,2.83
5088,Kelly McConville,4.1
5088,Julie Phuong Vu,
5089,Marie-Abele Bind,
5089,Julie Phuong Vu,3.72
5091,Kevin A. Rader,3.95
5092,Kelly McConville,4.74
5092,Julie Phuong Vu,4.74
5094,Mark Glickman,
5094,Pavlos Protopapas,3.9
5096,Joseph Blitzstein,
5097,Giovanni Parmigiani,
5099,Tracy Ke,
5101,Alex Young,4.58
5102,Mark Glickman,
5103,Natesh Pillai,3.98
5104,Subhabrata Sen,4.49
5105,Morgane Austern,
5110,Morgane Austern,
5111,Pragya Sur,4.23
5112,Subhabrata Sen,4.78
5113,Jun Liu,3.57
5117,Xiao-Li Meng,4.5
5118,Jose Zubizarreta,4.6
5120,Mark Glickman,5.0
5120,Tracy Ke,5.0
5122,Xiao-Li Meng,4.25
5122,Alex Young,4.25
5124,Morgane Austern,5.0
4973,Paola Arlotta,3.53
4973,Jason Buenrostro,3.53
4973,Fei Chen,3.53
4973,Amie L. Holmes,3.53
4973,Richard Lee,3.53
4973,Jessica Whited,3.53
4964,Sergio Imparato,
4965,Kara McKinley,5.0
4966,Ryan Flynn,4.09
4968,Leonard Zon,4.65
5131,Allon Klein,2.0
5131,Alon Oyler-Yaniv,2.0
3432,Alain Viel,4.45
5166,Keenan Oliphant,4.8
5166,Jay Stull,5.0
5167,Laura B. Rodriguez,4.6
5168,Debra Levine,3.7
5168,Laura B. Rodriguez,3.7
5132,Ryan McKittrick,4.83
5134,John Kuntz,4.92
5135,Marcus Stern,4.8
5136,Remo Airaldi,5.0
5138,Erika Bailey,
5140,Kate Brehm,4.5
5142,Shira Milikowsky,4.25
5144,David Levine,4.0
5146,Sidra Bell,4.29
5147,Jeffrey Page,4.77
5151,Jeff Adelberg,4.6
5152,Dede Ayite,4.33
5154,Phillip Howze,4.29
5155,Tania Bruguera,3.88
5157,Tania Bruguera,
5160,Dayron Miles,4.91
5162,Shamell Bell,
5163,Shamell Bell,4.0
5193,Caroline Light,4.67
5194,Durba Mitra,4.38
5179,Michael Bronski,4.29
5183,Robert Reid-Pharr,4.89
5184,Jung Choi,5.0
5186,Phyllis Thompson,4.68
5187,Marya Mtshali,4.57
5190,Linda Schlossberg,4.82
5191,Alice A. Jardine,4.38
3220,Daniel Agbiboa,
3235,John Mugane,5.0
3222,Timothy Ogene,4.8
3229,Suzanne Blier,
3231,Myisha Eatmon,
3236,Jesse McCarthy,4.67
3238,,4.61
3285,,5.0
4228,,4.5
4268,,3.33
4429,,4.5
4431,,4.0
5126,John Mugane,4.8
5127,,4.0
5195,Taiwo Ehineni,
5195,,4.14
5200,,4.6
5200,,4.6
5201,,
3320,Matt Liebmann,4.08
3322,Matt Liebmann,4.57
3291,E. Gabriella Coleman,5.0
3292,Peter Manuelian,4.33
3293,Christina Warinner,3.84
3295,Steven Caton,4.4
3297,Annikki Herranen-Tabibi,4.21
3299,Joyhanna Garza,
3301,Salmaan Keshavjee,4.88
3301,Jason Silverstein,4.88
3301,Lindsey Zeve,
3303,Annikki Herranen-Tabibi,4.38
3305,Salmaan Keshavjee,4.58
3305,Jason Silverstein,4.58
3305,Lindsey Zeve,4.58
3309,Andrea Wright,
3310,Anna Jabloner,4.8
3312,Max Price,4.4
3313,Sarah Hlubik,
3314,Anna Jabloner,4.27
3317,E. Gabriella Coleman,4.8
3324,Fabian Wermelinger,3.45
3325,Natesh Pillai,
3325,Pavlos Protopapas,3.94
3328,Weiwei Pan,4.27
3329,Weiwei Pan,4.5
3331,Efthimios Kaxiras,4.27
3331,Logan McCarty,4.27
3331,Georgios Neofotistos,4.27
3346,Steven Gortler,3.44
3333,L Mahadevan,3.55
3337,Sarah Iams,3.57
3340,Margo Levine,4.34
3342,Petr Karnakov,3.12
3343,Petros Koumoutsakos,4.24
3345,Cengiz Pehlevan,4.35
3350,Yue Lu,4.6
3364,Eric Mazur,3.53
3352,Julia Mundy,4.79
3354,Lene Hau,4.14
3354,Noah Rubin,4.14
3355,Joanna Aizenberg,4.31
3356,Maxim Prigozhin,4.83
3358,Frans Spaepen,3.6
3359,Vinothan Manoharan,3.91
3360,Sharad Ramanathan,
3362,Subir Sachdev,3.39
3363,Philip Kim,
3243,Katarina Burin,4.82
3249,Katarina Burin,3.83
3258,Annette Lemieux,3.89
3271,Annette Lemieux,
3272,Patrice Helmar,3.9
3272,Patrice Helmar,4.75
3275,Robb Moss,5.0
3278,Akosua Owusu,4.0
3279,Alfred Guzzetti,4.0
3283,David Joselit,4.19
3240,John Stilgoe,4.71
3242,Dan Byers,4.8
3244,Judith Belzer,
3250,Makeda Best,4.6
3251,Dawn Kim,5.0
3253,Ruth Lingford,4.6
3257,Young Joo Lee,4.71
3260,Dominga Sotomayor Castillo,3.71
3261,Karthik Pandian,4.5
3262,John Stilgoe,5.0
3265,Dennis Lim,4.36
3266,Stephen Prina,
3270,Laura Frahm,5.0
3387,Philip Sadler,4.35
3385,Daniel Eisenstein,3.8
3382,John Johnson,
3383,Xingang Chen,4.6
3388,Ramesh Narayan,4.86
3391,Charles Conroy,4.25
3392,Daniel Eisenstein,3.67
3392,Josh Grindlay,3.67
3427,Nancy Long Sieber,
3428,Jin-Ah Park,4.25
3429,Barbara Burleigh,4.2
3429,Zachary Nagel,4.2
3430,Manoj Duraisingh,4.67
3430,Jeffrey Dvorin,4.67
3430,Dyann Wirth,4.67
3408,Maurice Smith,2.35
3409,Kit Parker,5.0
3413,Jia Liu,4.6
3416,Marcello Pagano,3.8
3418,Rachel Nethery,4.14
3423,Tom Chen,4.57
3437,Natasha Sumner,4.69
3439,Catherine McKenna,4.91
4441,Natasha Sumner,4.71
3579,Monique Brewster,
3579,Dominic Mao,4.71
3454,Tim Brunker,3.25
3459,Andrew Myers,4.62
3441,Khaled Abdelazim,4.8
3441,Heidi Vollmer-Snarr,4.8
3443,Eric Jacobsen,
3444,Matthew Shair,4.44
3445,Dilek Dogutan Kiper,5.0
3449,Theodore Betley,5.0
3450,Khaled Abdelazim,4.56
3450,Suyang Xu,4.56
3452,Adam Cohen,4.8
3455,David Miyamoto,
3455,,4.84
3455,Christina Woo,4.84
3457,Federico Capasso,3.33
3457,Kang-Kuen Ni,3.33
3460,Sirinya Matchacheep,3.77
3460,Gregory Tucci,3.77
3460,Lu Wang,3.77
4522,,4.16
4522,Sirinya Matchacheep,4.16
4522,Gregory Tucci,4.16
3494,Adrian Staehli,5.0
3500,Eric Driscoll,4.0
3499,Rachel Philbrick,4.0
4220,Ivy Livingston,5.0
4221,Ivy Livingston,4.83
4223,Naomi Weiss,
4225,David Elmer,4.8
4226,Jeremy Rau,4.17
4482,Ivy Livingston,3.17
4482,Ivy Livingston,4.33
4482,Ivy Livingston,4.67
4482,Ivy Livingston,3.5
4492,Ivy Livingston,4.7
4483,Ivy Livingston,4.8
4486,Richard Thomas,
4488,Rachel Love,
4490,Rachel Philbrick,4.0
4643,Calliopi Dourou,5.0
3504,Saul Zaritt,4.7
3506,Sandra Naddaff,5.0
3507,David Stern,4.89
3508,John Hamilton,4.28
3510,Justin Weir,4.76
3514,Junting Huang,4.25
3517,David Damrosch,
3571,David Malan,3.78
3571,Carter Zenke,3.78
3574,Eddie Kohler,4.14
3575,Fernanda Viegas,4.75
3575,Martin Wattenberg,
3576,Krzysztof Gajos,
3520,James Waldo,4.76
3521,Fabian Wermelinger,3.45
3522,Natesh Pillai,
3522,Pavlos Protopapas,3.94
3524,Adam Hesterberg,4.15
3524,Salil Vadhan,4.15
3525,Boaz Barak,3.93
3527,Cynthia Dwork,
3533,Stratos Idreos,4.77
3534,Hanspeter Pfister,4.12
3538,Stephanie Gil,4.14
3538,Ariel Procaccia,4.14
3539,Lucas Janson,3.71
3539,Sham Kakade,3.71
3542,Pranav Rajpurkar,4.54
3545,Michael Mitzenmacher,4.24
3548,Chin Ho Lee,4.09
3551,Madhu Sudan,4.48
3553,Yiling Chen,
3556,H.T. Kung,4.04
3557,Minlan Yu,4.52
3559,David Brooks,4.67
3560,Vijay Janapa Reddi,4.35
3561,Nada Amin,4.6
3565,Elena Glassman,3.88
3567,Milind Tambe,
3568,John Girash,4.32
3568,Madhu Sudan,4.32
3595,Marianna Linz,3.88
3596,David Johnston,4.14
3583,Stein Jacobsen,4.0
3584,Roger Fu,4.3
3586,Scot Martin,4.12
3587,Peter Huybers,4.5
3588,Steven Wofsy,4.6
3589,Zhiming Kuang,4.13
3590,Roger Fu,4.3
3593,David Johnston,4.2
3593,Ann Pearson,4.2
3482,Landon (Yuxiao) Du,4.75
3482,Landon (Yuxiao) Du,4.83
3482,Landon (Yuxiao) Du,
3482,Landon (Yuxiao) Du,
3482,Landon (Yuxiao) Du,
3484,Fangzheng Zhang,4.88
3484,Fangzheng Zhang,4.88
3484,Fangzheng Zhang,
3464,David Sena,4.78
3466,David Sena,4.83
3468,Bin Yang,4.78
3468,Bin Yang,
3468,Bin Yang,4.8
3468,Qiang Zhang,4.8
3468,Bin Yang,4.75
3468,,4.75
3471,Wei Wang,4.33
3471,Wei Wang,4.7
3471,Wei Wang,4.38
3473,Xiaocheng Chen,4.85
3475,Jennifer Li-Chia Liu,4.63
3477,Qiang Zhang,5.0
3478,Xiaoshi Yu,4.67
3478,Xiaoshi Yu,5.0
3479,Dan Wang,4.78
3486,Michael Puett,5.0
3490,Xiaofei Tian,5.0
3493,Thomas Kelly,
3598,Jie Li,
3602,Melissa McCormick,4.58
3603,Daniel Koss,4.53
3605,Carter Eckert,
3605,Andrew Gordon,4.88
4467,Yuko Kageyama-Hunt,
4467,Yuko Kageyama-Hunt,4.86
4467,Yuko Kageyama-Hunt,4.75
4460,Chikako Takehara,3.83
4462,Mihoko Yagi,5.0
4462,Mihoko Yagi,4.71
4464,Naomi Asakura,4.6
4465,Naomi Asakura,5.0
4469,David Atherton,5.0
4478,Hi-Sun Kim,4.75
4478,Hi-Sun Kim,4.64
4480,Jee Hyun Lee,4.4
4472,Ahsil Noh,4.6
4475,Jee Hyun Lee,5.0
4477,Kyoungwon Oh,4.2
4481,Si Nae Park,4.38
3623,Jason Furman,3.83
3623,David Laibson,3.83
3623,David Martin,3.83
3625,Andres Maggi,
3697,John Campbell,3.79
3698,Anne Le Brun,4.5
3698,Ronak Jain,4.8
3698,,4.8
3698,,4.0
3698,Melanie Rucinski,4.0
3698,,3.56
3698,Ross Mattheis,3.56
3698,Innessa Colaiacovo,4.63
3698,,4.63
3698,,4.29
3698,Andres de Loera,
3698,Kiran Gajwani,5.0
3698,,5.0
3698,,
3698,Aticus Peterson,4.17
3698,John Felter,4.33
3698,,
3698,John Felter,4.89
3698,,
3698,Cirrus Foroughi,5.0
3698,,5.0
3704,Claudia Goldin,4.25
3706,Grace Finley,4.6
3706,,4.6
3706,Kiran Gajwani,4.0
3706,Shreya Tandon,4.0
3706,Kiran Gajwani,4.73
3706,Kiran Gajwani,
3706,Aakaash Rao,3.8
3706,Kiran Gajwani,4.77
3706,Martin Koenen,4.77
3706,Kiran Gajwani,4.11
3706,Slavik Sheremirov,4.11
3708,Thomas Baranga,4.8
3708,Judd Cramer,4.8
3608,James Engell,
3608,Benjamin Friedman,
3609,Maxim Boycko,3.63
3611,Vaishali Garga,2.19
3613,Giacomo Ponzetto,3.12
3615,Jeffrey Miron,4.26
3616,Roland Fryer,
3620,Moshe Hoffman,4.0
3620,Erez Yoeli,4.0
3621,Yannai Gonczarowski,4.5
3627,Davide Pettenuzzo,3.71
3629,Elie Tamer,3.23
3630,David Yang,4.4
3632,Gabriel Kreindler,
3633,Stefanie Stantcheva,4.48
3634,Jeffrey Liebman,4.09
3634,Lawrence Summers,4.09
3636,Hans-Helmut Kotz,4.43
3638,Lawrence Summers,4.5
3638,Paul Tucker,4.5
3639,Pol Antras,4.23
3641,Robin Lee,
3649,Edward Glaeser,3.42
3649,Eric Maskin,3.42
3651,Adrien Bilal,
3651,David Laibson,4.27
3653,Christopher Avery,3.71
3656,Matthew Rabin,4.2
3660,Gregory Bruich,4.53
3662,Elie Tamer,4.03
3664,Anna Mikusheva,4.68
3666,Winnie van Dijk,5.0
3668,Benjamin Enke,4.45
3668,David Yang,4.45
3670,Gabriel Kreindler,4.85
3673,Gabriel Chodorow-Reich,
3674,Stefanie Stantcheva,4.45
3678,Myrto Kalouptsidi,2.3
3678,Robin Lee,2.3
3678,Ariel Pakes,
3680,John Campbell,4.6
3681,Samuel Hanson,
3681,Adi Sunderam,4.9
3684,Lawrence Katz,4.55
3685,Adrien Bilal,4.4
3685,Gabriel Chodorow-Reich,4.4
3685,Xavier Gabaix,4.4
3685,Ludwig Straub,4.4
3686,Stefanie Stantcheva,2.0
3686,Winnie van Dijk,5.0
3687,Edward Glaeser,5.0
3687,Claudia Goldin,5.0
3687,Lawrence Katz,5.0
3687,Amanda Pallais,5.0
3687,Winnie van Dijk,5.0
3688,David Yang,4.33
3689,,
3689,,
3691,Melissa Dell,4.57
3695,Mark Shepard,
3709,Paul Harris,3.86
3710,Catherine Elgin,4.67
3714,Bianca Baldridge,
3715,Gabrielle Oliveira,4.8
3755,Kelly Miller,
3786,Jennifer Lewis,4.26
3786,Linsey Moyer,4.26
3788,Paul Bottino,
3790,Samir Mitragotri,2.68
3790,David Mooney,2.68
3728,Leonardo Gomez,3.3
3728,Melissa Hancock,3.3
3728,Frank Keutsch,3.3
3728,Elaine Kristant,3.3
3728,Chris Lombardo,3.3
3728,Linsey Moyer,3.3
3728,Mohammad Souri,3.3
3728,Nishant Sule,
3728,Bryan Yoon,3.3
3730,Chris Lombardo,4.59
3732,Sarah Iams,3.57
3735,Margo Levine,4.34
3737,Boris Kozinsky,4.07
3739,David Weitz,
3741,Donhee Ham,4.71
3742,Gage Hills,4.5
3744,Na Li,4.1
3746,Demba Ba,4.78
3747,Justin Werfel,4.5
3748,Fawwaz Habbal,3.92
3750,Aidin Panahi,
3752,David Clarke,2.74
3753,Federico Capasso,3.33
3753,Kang-Kuen Ni,3.33
3757,Kit Parker,5.0
3758,Jia Liu,4.6
3762,Kaighin McColl,4.83
3764,David Weitz,
3766,Joost Vlassak,5.0
3767,Katia Bertoldi,5.0
3769,Flavio Calmon,4.7
3771,Yue Lu,4.6
3773,Justin Werfel,4.5
3774,Gu-Yeon Wei,5.0
3775,Marko Loncar,
3776,Fawwaz Habbal,3.92
3778,Thomas Eisenmann,1.83
3778,Robert Howe,1.83
3780,Daniel Needleman,4.46
3780,Suzanne Smith,4.46
3838,Musa Syeed,5.0
3841,Jill Abramson,4.71
3844,Joshua Bell,5.0
3846,Nick White,5.0
3848,Tracy K. Smith,4.9
3849,Teju Cole,
3850,Indraneel Mukherjee,
3851,Claire Messud,4.71
3852,Claire Messud,5.0
3854,Indraneel Mukherjee,5.0
3856,Jill Abramson,4.2
3859,Musa Syeed,4.83
3861,Darcy Frey,4.82
3861,Darcy Frey,
3864,Paul Yoon,5.0
3864,Paul Yoon,
3866,Meng Jin,4.8
3867,Michael Pollan,5.0
3870,Jill Lepore,4.88
3871,Nick White,4.88
3872,Sam Marks,4.38
3873,Valeria Luiselli,
3876,Teju Cole,5.0
3792,Jesse McCarthy,3.47
3792,Tracy K. Smith,3.47
3811,Deidre Lynch,4.68
3811,Vidyan Ravinthiran,
3824,Maria Dikcis,4.83
3826,Elaine Scarry,5.0
3827,Philip Deloria,4.89
3827,Alan Niles,4.89
3829,Gordon Teskey,4.55
3832,James Engell,4.6
3835,Derek Miller,4.67
3837,Joani Etskovitz,4.8
3837,,4.8
3837,Jeffrey Careyva,5.0
3837,Matthew Ocheltree,5.0
3793,Daniel Donoghue,3.64
3796,Nicholas Watson,4.67
3799,Alan Niles,3.0
3801,Philip Fisher,4.57
3803,Ju Yon Kim,
3804,Stephanie Burt,4.55
3806,James Wood,4.66
3807,John Stauffer,4.5
3810,James Engell,
3810,Benjamin Friedman,
3813,Anna Wilson,4.67
3814,Gordon Teskey,4.4
3817,Vidyan Ravinthiran,4.6
3885,Marianna Linz,3.88
3879,Bryan Yoon,4.88
3883,Scot Martin,4.12
3884,Peter Huybers,4.5
3889,Sheila Jasanoff,
3890,Aladdine Joroff,4.6
3893,Michael McElroy,4.25
3894,Peter Frumhoff,4.43
3896,Noel Holbrook,4.0
3887,Ken Thomas,4.0
3718,Ann Braude,4.5
3719,Caroline Light,4.55
3723,Americo Mendoza-Mori,
3724,Eleanor Craig,4.08
3725,Jacqueline Bhabha,4.59
3726,Dalen Wakeley-Smith,4.06
3716,Americo Mendoza-Mori,4.52
3897,Margaret Deli,4.0
3897,Margaret Deli,
3897,J. Gregory Given,4.2
3897,J. Gregory Given,
3897,Amy Hanes,4.71
3897,Amy Hanes,4.43
3897,Karen Heath,4.8
3897,Thomas Jehn,4.4
3897,Jonah Johnson,
3897,Taleen Mardirossian,4.38
3897,Taleen Mardirossian,4.8
3897,Kristen Starkowski,4.44
3897,Kristen Starkowski,
3897,Elliott Turley,
3897,Elliott Turley,
3897,Peter Vilbig,4.56
3897,Peter Vilbig,4.5
3897,Tracy Strauss,3.67
3897,Tracy Strauss,4.71
3897,John Sampson,
3897,John Sampson,4.4
3897,Ryan Napier,4.56
3897,Ryan Napier,4.44
3897,Mande Zecca,4.14
3897,Mande Zecca,5.0
3898,Michael Allen,4.22
3898,Sheza Alqera,
3898,Sheza Alqera,4.47
3898,Patricia Bellanca,4.46
3898,Jacob Betz,4.71
3898,Collier Brown,4.23
3898,Willa Brown,4.36
3898,Matthew Cole,4.23
3898,Matthew Cole,
3898,Alexandra Gold,4.67
3898,Alexandra Gold,4.93
3898,Martin Greenup,
3898,Martin Greenup,4.17
3898,James Herron,4.82
3898,Eliza Holmes,4.2
3898,Eliza Holmes,4.0
3898,Isabel Lane,4.11
3898,Richard Martin,4.25
3898,Ross Martin,4.71
3898,Ross Martin,4.87
3898,Keating McKeon,
3898,Keating McKeon,
3898,Rachel Meyer,4.73
3898,Shannon Monaghan,3.91
3898,Shannon Monaghan,
3898,David Nee,4.36
3898,David Nee,4.42
3898,Jen Nguyen,
3898,Jen Nguyen,4.31
3898,Brian Pietras,2.56
3898,Brian Pietras,
3898,Kelsey Quigley,
3898,Kelsey Quigley,4.29
3898,Emilie Raymer,4.83
3898,Emilie Raymer,4.64
3898,Hannah Rosefield,
3898,Erin Routon,4.82
3898,Erin Routon,
3898,Sparsha Saha,
3898,Sparsha Saha,5.0
3898,Adam Scheffler,
3898,Adam Scheffler,4.15
3898,Ian Shank,4.79
3898,Ian Shank,4.93
3898,Gillian Sinnott,
3898,Gillian Sinnott,4.33
3898,Julia Tejblum,4.64
3898,Hudson Vincent,
3898,Hudson Vincent,
3900,Erika Bailey,5.0
3900,Katharine Clarke,4.93
3900,Katharine Clarke,5.0
3900,Nicholas Coburn-Palo,
3900,Nicholas Coburn-Palo,4.46
3900,Terry Gipson,4.33
3900,Terry Gipson,4.58
3900,Zachary Stuart,4.93
3900,Zachary Stuart,4.93
3903,Stephen Mitchell,4.08
3905,Felicity Lufkin,5.0
3929,Andrew Strominger,5.0
3930,David Orwig,
3931,Miaki Ishii,4.4
3932,C. Vafa,4.5
3934,Frederick Millham,5.0
3936,Colleen Cavanaugh,4.5
3938,Nancy Rappaport,4.83
3939,Thomas Byrne,4.55
3940,Howard Georgi,
3941,Deirdre Barrett,3.9
3942,Lisa Randall,
3943,Paola Arlotta,4.7
3944,Sanjay Saini,4.1
3945,Kate van Orden,4.78
3946,Cheryl Chen,4.78
3947,Catherine Elgin,3.89
3948,Adriaan Lanni,4.27
3949,Mariano Siskind,
3950,Ruth Lingford,4.3
3951,C.-T. James Huang,4.25
3952,Philip Fisher,
3954,Jay Jasanoff,4.67
3955,Francesco Erspamer,3.67
3956,Remo Airaldi,
3959,Robin Gottlieb,4.8
3960,Susan Farbstein,4.83
3961,Matthew Baum,3.89
3963,James Stock,4.64
3964,Charles Nelson,4.71
3965,,5.0
3965,N. Mankiw,5.0
3965,N. Mankiw,4.91
3966,Arthur Applbaum,4.71
3967,Kevin Madigan,4.71
3968,Marla Eby,4.56
3969,Noreen Tuross,4.55
3970,Peter Girguis,4.92
3971,John Huth,
3972,Craig Hunter,3.64
3973,Nina Zipser,4.22
3974,David Fisher,4.88
3976,Charles Davis,5.0
3977,William Friedman,5.0
3979,Stephanie Burt,3.5
3981,Gojko Barjamovic,4.83
3982,Joseph Nagy,4.67
3983,Jonathan Bolton,
3984,Neil Rudenstine,4.71
3985,Jared Hudson,4.17
3986,Linda Schlossberg,4.63
3987,Shaye Cohen,4.44
3988,Ryuichi Abe,
3990,Nicole Suetterlin,4.88
3991,Rachel Love,4.71
3994,Evridiki Georganteli,4.88
3995,David Damrosch,3.17
3997,Aleksandra Kremer,3.29
3998,Karen Thornber,4.5
3999,Doris Sommer,3.67
4000,Andrew Holder,3.86
4001,Matthew Potts,4.73
4002,Thomas Wisniewski,4.7
4003,Quinn White,4.86
4005,Arthur Segel,4.85
4006,Benjamin Friedman,4.1
4009,Elhanan Helpman,3.86
4010,Michael Norton,4.67
4011,Daniel Agbiboa,
4012,Mahzarin Banaji,4.25
4013,William Whitham,4.45
4014,Tyler Giannini,4.78
4015,Ellen Langer,4.11
4016,Evelyn Higginbotham,4.25
4017,Rebecca Nesson,4.67
4017,Charles Nesson,4.67
4018,Nancy Hill,4.78
4019,Sebastian Jackson,4.8
4020,Lowry Pressly,4.0
4022,Satchit Balsari,4.18
4022,Tarun Khanna,4.18
4023,Eric Rentschler,4.04
4024,Charles Langmuir,4.09
4025,Orlando Patterson,4.22
4032,Daniel Shapiro,4.61
4034,Charles Czeisler,3.77
4034,Frank Scheer,3.77
4036,Tomiko Yoda,4.3
4037,Matt Liebmann,4.07
4037,Dan Smail,4.07
4039,David Levine,
4041,Richard Lee,4.21
4046,David Lamberth,3.74
4046,Courtney Lamberth,3.74
4047,Jacob Olupona,
4049,Gregory Nagy,3.96
4050,Katherine Merseth,4.55
4051,David Cutler,4.19
4052,Robert Wood,4.06
4055,Gabriela Soto Laveaga,4.6
4057,Michael Puett,4.19
4058,Anne Becker,
4058,Salmaan Keshavjee,4.01
4058,Arthur Kleinman,4.01
4059,Daniel Schrag,4.49
4060,Stephen Mitchell,3.3
4063,Cass Sunstein,
4064,Bruno Carvalho,3.83
4064,Diane Davis,3.83
4065,Pia Sorensen,4.19
4065,David Weitz,4.19
4066,Rowan Flad,4.08
4066,Jason Ur,4.08
4070,Matt Saunders,4.76
4072,Robert Lawrence,3.8
4072,Lawrence Summers,
4076,Michael Bronski,4.16
4077,Kathleen Coleman,3.85
4081,Mary Lewis,3.43
4082,Karen Thornber,3.76
4083,Tommie Shelby,3.96
4084,David L. Carrasco,3.7
4084,William Fash,3.7
4086,Diana Eck,4.28
4087,Naomi Oreskes,4.72
4088,Galit Alter,
4088,Allan Brandt,3.88
4088,Ingrid Katz,3.88
4092,Michael Sandel,4.57
4094,Daniel Donoghue,3.01
4099,,4.73
4099,,4.57
4099,,4.7
4099,,4.43
4105,,4.25
4105,,4.5
4106,,5.0
4101,,4.75
4102,John Hamilton,4.28
4959,Stephen Mitchell,4.08
5128,Agnes Broome,4.83
4110,Brittany Seymour,
4158,Yuhua Wang,3.94
4182,Paul Peterson,4.0
4192,Matthew Blackwell,4.3
4195,Latanya Sweeney,5.0
4196,Jennifer Halen,3.95
4198,Timothy Colton,4.1
4201,Michael Hiscox,5.0
4203,Christopher Rhodes,4.71
4204,Gabriel Katsh,4.8
4205,George Soroka,4.55
4206,Jennifer Halen,4.38
4207,Julie Weaver,4.78
4211,Dan Epstein,3.89
4212,Theda Skocpol,4.83
4213,Ofrit Liviatan,
4215,Christopher Rhodes,4.3
4217,Christoph Mikulaschek,4.5
4116,Jill Kelly,4.32
4119,Sarah Hummel,4.39
4120,Jill Kelly,3.88
4121,Eric Nelson,3.95
4124,Harvey Mansfield,4.29
4126,Richard Tuck,4.89
4131,Grzegorz Ekiert,
4136,Sarah Hummel,4.36
4138,Steven Levitsky,4.55
4140,James Snyder,
4143,Ryan Enos,4.48
4145,Latanya Sweeney,4.07
4146,Roger Porter,
4148,Stephen Rosen,3.95
4149,Matthew Bunn,
4151,Christoph Mikulaschek,4.4
4154,William Clark,4.67
4155,Nargis Kassenova,4.3
4156,Joshua Kertzer,4.66
4157,Graham Allison,4.82
4157,Derek Reveron,4.82
4157,David Sanger,4.82
4159,Gary King,3.62
4161,Kosuke Imai,3.47
4162,Peter Buisseret,4.67
4166,Michael Sandel,5.0
4167,Eric Beerbohm,4.57
4168,Harvey Mansfield,4.33
4172,Daniel Ziblatt,4.71
4175,Stephen Ansolabehere,
4175,Paul Peterson,2.9
4177,James Snyder,4.75
4179,Stephen Chaudoin,4.88
4179,Joshua Kertzer,4.88
4181,Timothy Colton,4.11
4183,Thom Wall,4.0
4186,Stephen Chaudoin,5.0
4186,Dustin Tingley,5.0
4421,Meredith Rosenthal,3.43
4312,Vincent Brown,4.75
4313,Aaron Bekemeyer,4.67
4319,Ian Miller,
4320,Sidney Chalhoub,4.5
4321,Peter Gordon,4.46
4322,Emma Rothschild,4.48
4322,Victor Seow,4.48
4324,Thomas Blakeslee,4.73
4325,Philip Deloria,4.89
4325,Alan Niles,4.89
4328,Madeline Williams,3.76
4357,Serhii Plokhii,4.43
4364,Carla Heelan,4.29
4296,Philip Deloria,4.74
4296,,4.74
4298,Andrew Gordon,4.67
4298,David Howell,
4299,Maya Jasanoff,
4303,Sugata Bose,4.4
4305,Scott Ury,4.67
4309,Aaron Bekemeyer,4.06
4310,Serhii Plokhii,4.31
4311,Terry Martin,4.39
4316,Vincent Brown,4.36
4317,Erez Manela,
4330,Arunabh Ghosh,4.67
4332,Emmanuel Akyeampong,4.5
4333,Cemal Kafadar,4.58
4336,Maya Jasanoff,4.91
4338,Tiya Miles,4.89
4340,Gabe Pizzorno,4.67
4341,Terry Martin,4.6
4345,Erez Manela,4.0
4348,Intisar Rabb,4.43
4349,Arunabh Ghosh,4.45
4351,Sugata Bose,4.5
4351,Charles Maier,4.5
4353,Mary Lewis,
4354,Dimiter Angelov,4.4
4369,Duncan White,
4370,Michael King,4.0
4373,Lucy Caplan,4.7
4374,Vikrant Dadawala,
4375,Karen Huang,4.92
4376,Hannah Waits,
4377,Matthew Sohm,4.5
4378,Briana Smith,4.7
4379,Morgan Ridgway,5.0
4380,Rachel Kirby,
4381,Adhy Kim,4.5
4382,Angela Allan,4.64
4384,Yan Slobodkin,4.09
4385,Lilly Havstad,3.67
4386,Laura Quinton,4.86
4388,Jennifer Alpert,4.44
4233,Gulru Necipoglu-Kafadar,
4233,David Roxburgh,4.75
4257,Felipe Pereda,4.78
4259,Maria Gough,4.83
4262,Jennifer L. Roberts,
4264,Jennifer L. Roberts,4.71
4264,,3.67
4266,Felipe Pereda,4.0
4232,Gulru Necipoglu-Kafadar,4.44
4234,Christina Maranci,5.0
4238,Suzanne Blier,3.68
4242,Eugene Wang,4.89
4244,Melissa McCormick,4.58
4246,Suzanne Blier,
4248,Jeffrey Hamburger,4.88
4251,Eugene Wang,4.67
4252,Yukio Lippit,4.67
4254,Jeffrey Hamburger,4.67
4417,Rebecca Lemov,
4417,Rebecca Lemov,3.78
4419,Erik Baker,
4419,Erik Baker,
4390,Alex Csiszar,4.33
4393,Janet Browne,4.82
4395,Michelle Labonte,5.0
4396,Michelle Labonte,4.92
4398,Joelle Abi-Rached,
4400,Joelle Abi-Rached,4.65
4402,Emma Rothschild,4.48
4402,Victor Seow,4.48
4403,Matthew Hersch,4.83
4405,Dave Unger,4.48
4406,Erik Baker,3.82
4408,Victor Seow,4.78
4409,David Jones,5.0
4410,Gabriela Soto Laveaga,
4411,Elizabeth Lunbeck,4.8
4414,Sheila Jasanoff,4.29
4415,Janet Browne,4.89
4415,Benjamin Wilson,4.89
4289,Julie Lawrence,4.83
4274,Abigail Desmond,4.64
4275,Julie Lawrence,4.23
4276,Ali Yawar,4.9
4280,Barbara Horowitz,
4281,Joyce Benenson,3.56
4281,Martin Surbeck,3.56
4283,Erin Hecht,
4284,Bridget Alex,4.88
4285,Christine Webb,
4287,Terence Capellini,4.38
4425,Glenda Carpio,4.09
4425,Stephen Greenblatt,4.09
4425,Jill Lepore,4.09
4425,Louis Menand,4.09
4425,Namwali Serpell,4.09
4425,Alison Simmons,
4427,Jinah Kim,
4427,Joseph Koerner,4.59
4427,Yukio Lippit,4.59
4427,Jennifer L. Roberts,4.59
4427,David Roxburgh,4.59
4428,Lauren Kaminsky,4.78
4428,Robin Kelsey,4.78
4514,Andrew Bottoms,
4516,Andrew Bottoms,4.67
4520,Kathryn Davidson,4.29
4500,Yagmur Sag-Parvardeh,
4501,C.-T. James Huang,3.08
4504,Gennaro Chierchia,4.5
4506,Susanne Wurmbrand,4.29
4507,Kathryn Franich,4.29
4508,Kathryn Davidson,4.78
4509,Tanya Bondarenko,4.0
4583,Dusty Grundmeier,
4584,Reshma Menon,3.38
4584,Allechar Serrano Lopez,3.38
4584,Erica Dinkins,3.36
4584,,3.36
4584,,4.33
4584,,3.55
4584,Shanelle Davis,
4584,,4.2
4584,Matthew Cavallo,
4584,,4.36
4584,,4.0
4584,"Xi ""CiCi"" Yu",4.0
4584,,
4584,Hakim Walker,4.5
4584,Reshma Menon,4.0
4584,,3.78
4584,,4.0
4584,Reshma Menon,4.73
4586,Brendan Kelly,4.43
4547,Alex Betts,3.62
4547,,3.62
4547,Dylan Quintana,3.25
4547,Dylan Quintana,
4547,Michael Nathanson,
4547,,4.13
4547,,3.0
4547,Hannah Constantin,3.76
4547,,3.76
4547,,3.58
4547,Hannah Constantin,3.39
4547,,3.39
4549,Clifford Taubes,3.91
4549,Amadeus Martin,3.57
4549,,3.57
4549,,3.43
4549,Erica Dinkins,3.62
4549,,3.62
4549,,3.53
4549,,3.41
4549,Amadeus Martin,
4549,,3.79
4549,,3.86
4549,,
4549,,3.36
4544,Philip Wood,4.06
4546,John Cain,4.55
4554,Janet Chen,3.96
4554,Roderic Guigo Corominas,3.96
4554,,
4554,Oliver Knill,4.05
4554,,3.14
4554,Jianqiao Xia,3.14
4554,Janet Chen,
4554,,
4554,Roderic Guigo Corominas,4.21
4554,,4.06
4554,Fabian Gundlach,4.06
4554,Jonier Amaral Antunes,4.22
4554,,4.22
4554,Janet Chen,4.33
4554,,4.45
4554,Jill Guerra,
4554,,3.67
4554,Fabian Gundlach,3.67
4554,Jonier Amaral Antunes,4.41
4554,,
4556,Tyler Bongers,3.86
4556,Tyler Bongers,4.09
4556,,
4556,Jill Guerra,3.27
4556,,3.67
4560,Dusty Grundmeier,4.38
4569,John Cain,4.57
4577,Joseph Harris,4.63
4579,Clifford Taubes,5.0
4581,Clifford Taubes,5.0
4523,Curtis McMullen,4.23
4527,Horng-Tzer Yau,2.77
4528,Paul Bamberg (he),
4529,Ana Balibanu,3.89
4530,Niki Myrto Mavraki,
4534,Laura DeMarco,
4536,Puskar Mondal,4.13
4538,Assaf Shani,5.0
4539,Paul Bamberg (he),4.5
4541,Cesar Cuenca,5.0
4552,Yum-Tong Siu,4.13
4558,Salim Tayou,
4562,Fan Ye,2.8
4563,Andrew Senger,4.15
4565,Dori Bejleri,4.59
4567,Martin Nowak,4.43
4571,Benjamin Gammage,5.0
4572,Mihnea Popa,5.0
4573,Elden Elmanto,5.0
4575,Peter Kronheimer,5.0
3397,Ronald Heustis,
3398,Rosalyn Adam,
3398,Pratiti Bandopadhayay,3.25
3398,Roby Bhattacharyya,3.25
3398,Caroline Burns,
3398,Charles Burns,3.25
3398,Hong Chen,3.25
3398,John Clohessy,3.25
3398,April Craft,3.25
3398,Christian Dibble,3.25
3398,Matthew Harris,3.25
3398,Christina Jacobsen,3.25
3398,Evanna Mills,3.25
3398,William Pu,3.25
3398,Ralph Scully,3.25
3398,Sean Stowell,3.25
3398,Yohannes Tesfaigzi,3.25
3398,Yu-Hua Tseng,3.25
3398,Duane Wesemann,3.25
3398,Ming-Ru Wu,
3399,Karen Adelman,4.3
3399,Alan Brown,4.3
3399,Stirling Churchman,4.3
3399,Joseph Loparo,4.3
3399,Frank Slack,
3399,Johannes Walter,4.3
3401,Suneet Agarwal,4.69
3401,Srinivas Viswanathan,4.69
3402,,4.33
3402,Stan Finkelstein,4.33
3402,Peter Sorger,4.33
3426,Michael Baym,2.42
3426,Heng Li,2.42
3426,Shamil Sunyaev,2.42
3426,Cheng-Zhong Zhang,
3436,Taralyn Tan,4.78
4095,Tom Bernhardt,
4095,Jenna Galloway,4.04
4095,Max Heiman,4.04
4095,Stephanie Mohr,4.04
4095,Matthew Warman,
4095,Fred Winston,4.04
4271,Rakesh Jain,4.13
4272,Jonathan Carlson,4.14
4272,Connie Cepko,4.14
4272,Scott Lovitch,4.14
4272,Jaime Schneider,4.14
4432,Frederick Alt,4.3
4432,Facundo Batista,
4432,Michael Carroll,4.3
4432,Stephanie Dougan,4.3
4432,Nir Hacohen,4.3
4432,,4.3
4432,Jonathan Kagan,
4432,Vijay Kuchroo,4.3
4432,Judy Lieberman,4.3
4432,Andrew Luster,4.3
4432,Lydia Lynch,4.3
4432,Thorsten Mempel,4.3
4432,Shiv Pillai,4.3
4432,Arlene Sharpe,4.3
4432,Amy Wagers,4.3
4432,Kai Wucherpfennig,4.3
4432,Ulrich von Andrian,
4439,Judith Agudo,4.5
4439,Stephanie Dougan,4.5
4439,Philip Kranzusch,4.5
4439,Kai Wucherpfennig,4.5
4440,Wayne Marasco,4.71
4628,Nathalie Agar,3.77
4628,Kathleen Burns,3.77
4628,Zheng-Yi Chen,3.77
4628,George Church,3.77
4628,Martin Dorf,3.77
4628,Michela Fagiolini,3.77
4628,Aaron Hata,
4628,Zhigang He,3.77
4628,Shingo Kajimura,
4628,Jessica Lehoczky,3.77
4628,Mary Loeken,3.77
4628,Stephen Lory,
4628,Jeantine Lunshof,3.77
4628,Anne O'Donnell Luria,3.77
4628,Jun Qi,3.77
4628,Mohammad Rashidian,3.77
4628,Rosalind Segal,3.77
4629,Haribabu Arthanari,3.52
4629,Markus Basan,3.52
4629,Roger Belizaire,3.52
4629,Ulf Dettmer,
4629,Rani George,3.52
4629,Emanuela Gussoni,
4629,Kenneth Kaye,3.52
4629,Ying Lu,
4629,Jeffrey Moffitt,
4629,Paul Rosenberg,
4629,Rosalind Segal,
4629,Suzanne Walker,
4630,Edward Chouchani,4.75
4630,Jane Irwin,4.75
4635,Amy Barczak,4.63
4635,Marcia Goldberg,
4635,Sophie Helaine,4.63
4635,Jonathan Kagan,4.63
4635,Michael Starnbach,
4717,John Assad,4.25
4717,Bruce Bean,4.25
4717,Lisa Goodrich,4.25
4717,Pascal Kaeser,4.25
4717,Joshua Kaplan,4.25
4717,Wade Regehr,4.25
4717,Thomas Schwarz,4.25
4717,Beth Stevens,4.25
4717,Anne Takesian,
4717,Taralyn Tan,4.25
4717,Gary Yellen,4.25
4974,M. Liberman,4.67
4974,Stephane Maison,
5176,Jonathan Abraham,4.5
5176,Philip Kranzusch,4.5
5178,Todd Allen,
5178,Smita Gopinath,4.43
5178,Sizun Jiang,4.43
5178,Max Nibert,4.43
5178,Silvia Rouskin,4.43
4632,Christine Smith,4.0
4633,Charles Donahue,4.0
4590,Nancy Etcoff,4.83
4591,Lisa Wong,
4592,Ellsworth Fersch,5.0
4592,Richard McNally,5.0
4593,Michael Ferguson,4.85
4593,Sara Lazar,4.85
4495,Rachelle Gaudet,3.52
4495,Daniel Kahne,3.52
4495,Rebecca LaCroix,3.52
4495,Sien Verschave,3.52
4498,Michael Desai,4.9
4498,Kara McKinley,4.9
4498,Emma Nagy,4.9
4498,Benjamin de Bivort,4.9
4493,Alain Viel,4.67
4619,Vladimir Denic,
4619,Dominic Mao,3.65
4619,Michele Markstein,3.65
4620,Alain Viel,4.21
4623,Jeff Lichtman,4.22
4623,Kathleen Quast,
4624,Monique Brewster,4.78
4624,Dominic Mao,4.78
4626,Monique Brewster,
4626,Dominic Mao,
4600,Elena Rivas,
4601,Sean Eddy,4.59
4603,Naoshige Uchida,3.0
4605,Richard Losick,4.79
4606,Maxim Prigozhin,4.83
4608,Shiv Pillai,4.14
4609,Nicholas Bellono,4.22
4615,Ethan Garner,
4615,Bence Olveczky,3.67
4615,Joshua Sanes,3.67
4618,,
4618,,
4654,Federico Cortese,4.61
4660,Andrew Clark,4.76
4663,Andrew Clark,
4667,Andrew Clark,4.41
4686,John Dilworth,4.0
4656,Federico Cortese,
4656,Andrew Clark,4.38
4656,Yaure Muniz,5.0
4665,Michle Duguay,4.8
4666,Michle Duguay,4.77
4669,Andrew Schultz,
4672,Lisa Harris,3.8
4673,Federico Cortese,4.71
4675,Kate van Orden,4.88
4676,Vijay Iyer,4.86
4677,Jessica Bodner,4.87
4677,Daniel Chong,4.87
4677,Ken Hamao,4.87
4677,Kee-Hyun Kim,4.87
4682,Anne Shreffler,5.0
4683,Daniel Callahan,3.0
3287,Julia Rhyder,3.8
3288,Julia Rhyder,4.4
3375,Richard Cozzens,4.8
3375,Richard Cozzens,3.8
3375,Dana Malhas,4.4
3375,Dana Malhas,5.0
3377,Amr Madi,4.4
3377,Muhammad Habib,
3366,Amr Madi,4.75
3366,Amr Madi,4.6
3369,Shady Nasser,5.0
3370,Nader Uthman,5.0
3372,Muhammad Habib,4.2
3374,Khaled El-Rouayheb,4.57
3379,Christina Maranci,5.0
4290,,4.4
4442,Khaled El-Rouayheb,4.75
4443,Ali Asani,4.73
4444,Ali Asani,5.0
4470,Miriam Goldstein,4.0
4641,Irit Aharony,4.8
4637,Irit Aharony,4.83
4639,Irit Aharony,5.0
4646,Mohammad Sagha,5.0
4647,Mohammad Sagha,4.91
4651,Emad Shahin,4.57
4689,David Stern,4.89
4745,Mojtaba Ebrahimian,4.22
5171,Meryem Demir,4.6
5170,Meryem Demir,4.57
5198,Saul Zaritt,4.7
4712,Jeff Lichtman,4.3
4712,Kathleen Quast,4.3
4713,,4.67
4713,,4.67
4715,,4.75
4715,,4.75
4690,Tony Cunningham,
4690,,4.22
4690,Edward Pace-Schott,
4692,,5.0
4694,,4.4
4696,,4.91
4696,Chloe Jordan,
4698,,
4700,,5.0
4700,Saad Hannan,5.0
4704,Eleanor Batty,
4706,Sam Kunes,
4708,Naoshige Uchida,3.6
4497,Andrew Biewener,4.17
4497,George Lauder,
4497,Daniel Lieberman,4.17
4497,Jo Matott,4.17
4720,Mark Cornwall,3.09
4720,Brian Farrell,3.09
4720,Noel Holbrook,3.09
4720,Ann Pearson,3.09
4720,Mansi Srivastava,3.09
4735,Daniel Hartl,4.41
4735,Robin Hopkins,4.41
4737,Andrew Berry,4.78
4738,Andrew Davies,4.21
4738,Benton Taylor,4.21
4741,Stephanie Pierce,4.64
4741,Mansi Srivastava,4.64
4742,Charles Davis,4.63
4744,Andrew Davies,4.31
4721,Kathleen Pritchett-Corning,5.0
4722,David Haig,4.83
4725,James Mallet,3.86
4729,John Wakeley,
4731,Scott Edwards,
4733,,4.75
4772,Bernhard Nickel,4.06
4776,James Doyle,3.67
4771,Susanna Siegel,4.67
4774,Sean Kelly,4.44
4775,Mark Richard,
4779,,4.6
4779,Cheryl Chen,
4748,James Doyle,2.53
4749,Seth Robertson,
4751,Alison Simmons,4.85
4753,Sean Kelly,4.83
4754,Warren Goldfarb,3.73
4757,Seth Robertson,4.42
4759,Peter Koellner,4.38
4760,Richard Moran,4.5
4761,Selim Berker,4.59
4762,Emilio Mora,4.47
4769,Eric Maskin,4.38
4769,Barry Mazur,4.38
4769,Amartya Sen,
4773,Selim Berker,5.0
4773,Zoe Johnson King,5.0
4787,Gregory Kestin,4.15
4787,Anna Klales,4.15
4787,Timothy Milbourne,4.15
4786,Gregorio Ponti,3.28
4786,Susanne Yelin,3.28
4789,Nathan Melenbrink,4.13
4799,Kathryn Ledbetter,4.05
4799,Timothy Milbourne,4.05
4799,David Morin,4.05
4801,Cora Dvorkin,4.06
4801,Mara Prentiss,
4803,Markus Greiner,4.33
4803,Matteo Mitrano,4.33
4803,,
4805,Kathryn Ledbetter,4.63
4805,Timothy Milbourne,
4805,Norman Yao,
4808,Jacob Barandes,4.52
4813,Efthimios Kaxiras,4.4
4813,Logan McCarty,4.4
4839,Robert Westervelt,4.67
4793,Louis Deslauriers,4.62
4795,Lisa Randall,
4796,Girma Hailu,4.71
4797,Arthur Jaffe,3.75
4809,Isaac Silvera,4.67
4809,Amir Yacoby,4.67
4811,Julia Mundy,4.79
4820,Isaac Silvera,4.67
4820,Amir Yacoby,4.67
4821,C. Vafa,3.6
4823,Xi Yin,
4827,Vinothan Manoharan,3.91
4830,Gregory Falkovich,3.45
4831,Mikhail Lukin,4.36
4832,Sharad Ramanathan,
4833,Daniel Jafferis,3.14
4834,Subir Sachdev,3.39
4836,Philip Kim,
4837,Daniel Needleman,4.46
4837,Suzanne Smith,4.46
4782,Jarvis Chen,4.17
4782,Issa Dahabreh,4.17
4848,Jason Mitchell,3.79
4848,Nicole Noll,3.79
4862,Elizabeth Phelps,3.92
4862,Daniel Schacter,3.92
4879,Rebecca Shingleton,4.61
4903,,4.46
4903,,4.46
4906,,4.6
4906,,
4907,,4.7
4907,,4.7
4910,,5.0
4910,,4.8
4914,,
4914,,4.71
4850,Ellen Langer,4.39
4852,Mayron Piccolo,4.32
4853,Timothy Valshtein,5.0
4855,Tatyana Levari,
4858,Scott Lukas,
4859,Alfonso Caramazza,4.0
4860,Talia Konkle,4.38
4864,Samuel Gershman,3.67
4865,George Alvarez,5.0
4869,Timothy Valshtein,4.69
4870,Fiery Cushman,4.77
4874,Sara Botto,4.35
4877,Jessica Jones,4.5
4881,Shifali Singh,4.8
4882,Mayron Piccolo,4.6
4883,Grace Lin,3.83
4885,Mina Cikara,3.67
4887,Patrick Mair,
4889,Matthew Nock,4.4
4889,Leah Somerville,5.0
4891,Patrick Mair,
4892,Richard McNally,5.0
4893,Katie McLaughlin,4.0
4895,Matthew Nock,5.0
4897,Francesca Gino,4.85
4899,Mahzarin Banaji,4.8
4901,Ellen Langer,4.86
4902,Katie McLaughlin,4.71
4918,Federico Capasso,3.33
4918,Kang-Kuen Ni,3.33
4942,Jie Li,
4920,Francis Clooney,5.0
4921,Kimberley Patton,5.0
4924,Catherine Brekus,4.8
4925,Daniel McKanan,4.2
4926,Pamela Klassen,
4927,Ann Braude,4.5
4929,Ali Asani,4.73
4930,Ali Asani,5.0
3906,,4.5
3906,,3.8
3906,,4.13
3906,,3.85
3909,,4.38
3909,,4.44
3915,,3.73
3915,,4.67
3915,,4.4
3917,,
3917,,
3917,Claire-Marie Brisson,4.29
3919,,4.85
3919,,4.38
3919,,4.86
3919,Atim Mackin,
3921,Karen Turman,
3921,,
3923,Claire-Marie Brisson,4.91
3926,Matthew Rodriguez,4.2
3911,Annabel Kim,4.88
3912,Alice Jardine,
4446,,4.67
4446,,4.9
4446,,5.0
4451,,4.6
4453,,4.25
4455,,
4457,Chiara Trebaiocchi,5.0
4458,,5.0
4448,Francesco Erspamer,4.33
4454,Jeffrey Schnapp,4.5
4841,,5.0
4842,,4.91
4842,,4.5
4845,Cristiane Soares,4.88
4846,,4.6
4935,Annabel Kim,4.67
4936,Kathy Richman,5.0
4938,Tom Conley,4.73
4939,Doris Sommer,4.13
4939,Nicole Suetterlin,4.13
5054,,4.0
5054,,4.0
5054,,4.2
5054,,3.67
5054,,4.25
5054,,4.2
5054,,4.09
5054,Maria Parra-Velasco,
5054,,4.43
5054,,5.0
5054,,4.33
5057,,4.42
5057,,4.6
5057,,4.15
5057,,4.33
5057,,4.75
5057,,3.86
5057,Cristina Garcia,3.86
5057,,
5062,,
5068,,4.43
5068,,4.67
5068,,4.18
5068,,
5068,,3.33
5068,,4.63
5068,,4.6
5068,,4.6
5068,,3.17
5071,Johanna Liander,
5071,,4.43
5071,,4.75
5071,,4.0
5071,,4.73
5073,,4.73
5073,,5.0
5073,Johanna Liander,4.3
5073,,4.8
5075,,
5076,,4.78
5076,,
5076,,
5076,,5.0
5076,,4.71
5078,Maria Parra-Velasco,
5081,,5.0
5081,Adriana Gutierrez,4.83
5081,Adriana Gutierrez,5.0
5081,,5.0
5083,Raquel Vega-Duran,4.94
5084,Daniel Aguirre-Oteiza,4.92
5059,Raquel Vega-Duran,
5061,Jorge Sanchez Cruz,5.0
5065,Jorge Sanchez Cruz,4.14
5067,Mariano Siskind,4.0
4943,Alexandra Vacroux,5.0
3406,Tatiana Kuzmic,5.0
4951,Jenya Mironava,4.8
4945,Steven Clancy,3.6
4947,Liya Zalaltdinova,5.0
4949,Jenya Mironava,4.6
4978,Julie Buckler,4.92
4980,Stephanie Sandler,
4981,Justin Weir,4.76
4984,Daria Khitrova,4.88
4985,Justin Weir,3.25
4987,Andrew Brandel,4.25
4987,Bo-Mi Choi,4.25
4987,Charles Clavey,4.25
4987,Jonathan Hansen,4.25
4987,Sebastian Jackson,4.25
4987,Ana Isabel Keilson,4.25
4987,Gili Kliger,4.25
4987,Glory Liu,4.25
4987,Vatsal Naresh,
4987,Lowry Pressly,4.25
4987,Nicolas Prevelakis,
4987,Tracey Rosen,
4987,Bonnie Talbert,4.25
4987,Don Tontiplaphol,4.25
4987,Rosemarie Wagner,4.25
4987,William Whitham,
4987,Rob Willison,4.25
4994,Anya Bassett,4.75
4995,Nicole Newendorp,4.89
4996,Charles Clavey,5.0
5000,Tracey Rosen,4.44
5001,Gili Kliger,5.0
5002,Andrew Brandel,4.8
5003,William Whitham,5.0
5045,Leah Muse-Orlinoff,5.0
5048,Shai Dromi,4.56
5050,Isabel Jijon,4.7
5052,Thomas Wooten,4.8
5053,,4.83
5004,Danilo Mandic,4.18
5008,Manja Klemencic,
5010,Monique Ouimette,2.67
5012,Isabel Jijon,
5014,Ira Jackson,4.89
5014,Christopher Winship,4.89
5018,Rachel Meyer,4.61
5023,Flavia Perea,
5024,Gregory Narr,3.4
5025,Shai Dromi,4.59
5026,Jeffrey Swindle,
5027,Adaner Usmani,4.67
5028,Emily Handsman,4.46
5030,Thomas Wooten,
5034,Jocelyn Viterna,4.75
5035,Xiang Zhou,4.25
5038,Michele Lamont,
5041,Peter Marsden,4.58
5042,Emily Fairchild,
5043,Deirdre Bloome,
5044,Jason Beckfield,4.33
4291,Richard Delacy,4.69
4293,Richard Delacy,5.0
4953,Nell Hawley,4.67
4955,Nell Hawley,5.0
4956,Nell Hawley,5.0
4958,Parimal Patil,5.0
5169,,4.75
5087,Kelly McConville,4.48
5087,Julie Vu,
5090,Kevin A. Rader,3.92
5093,Natesh Pillai,
5093,Pavlos Protopapas,3.94
5095,Joseph Blitzstein,3.79
5098,Samuel Kou,
5100,Kevin A. Rader,3.79
5106,Lucas Janson,3.71
5106,Sham Kakade,3.71
5107,Alex Young,4.31
5108,Joseph Blitzstein,4.51
5109,Lucas Janson,4.7
5114,Jun Liu,
5115,Mark Glickman,3.86
5116,Kosuke Imai,3.47
5119,Mark Glickman,5.0
5119,Natesh Pillai,
5121,Joseph Blitzstein,4.0
5121,Alex Young,4.0
5123,Pragya Sur,3.8
4962,William Anderson,4.07
4962,Ya-chieh Hsu,4.07
4963,Jessica Whited,4.43
4967,Fei Chen,
4969,Ruth Franklin,4.62
4970,Amy Wagers,4.38
4971,Lee Rubin,4.31
4972,Mark Fishman,
4972,Douglas Melton,4.67
4972,Julie Park,
5130,Ashwini Jambhekar,4.2
5130,Galit Lahav,4.2
5130,Jennifer Oyler-Yaniv,4.2
3431,Alain Viel,4.46
5165,Kate Brehm,5.0
5133,Marcus Stern,4.3
5137,Erika Bailey,4.92
5139,Remo Airaldi,5.0
5141,Marcus Stern,4.75
5143,Dede Ayite,4.0
5143,Phillip Howze,4.0
5143,LROD Rodriguez,4.0
5145,Ana Harmon,4.8
5148,LROD Rodriguez,4.86
5149,Julia Smeliansky,4.45
5150,Jeff Adelberg,4.33
5153,Phillip Howze,4.57
5156,Stew Stewart,4.6
5158,Debra Levine,
5159,Shamell Bell,4.36
5161,Shamell Bell,4.56
5164,Tania Bruguera,4.0
5192,Robert Reid-Pharr,
5180,Jung Ja Choi,4.86
5181,Clarisse Wells,4.3
5182,Thomas Conners,4.18
5185,Nicole Noll,4.31
5188,Caroline Light,4.55
5189,Kendra Albert,4.82
